constellations,names,picurls
´¦Å®×ù,ÖÓÀöç¾,https://bkimg.cdn.bcebos.com/pic/ac4bd11373f082025aaf21231ab2ecedab64034faddc?x-bce-process=image
Ë®Æ¿×ù,ÃÏ¼Ñ,https://bkimg.cdn.bcebos.com/pic/2934349b033b5bb5c9eae8e3769ac239b6003af316de?x-bce-process=image
Ë®Æ¿×ù,»ÆÊ¥ÒÀ,https://bkimg.cdn.bcebos.com/pic/64380cd7912397dda144bf1919cba5b7d0a20cf429df?x-bce-process=image
°×Ñò×ù,ÖìæºÏ«,https://bkimg.cdn.bcebos.com/pic/728da9773912b31bb0514f6abf51217adab44aed4b14?x-bce-process=image
´¦Å®×ù,½ð³¿,https://bkimg.cdn.bcebos.com/pic/5bafa40f4bfbfbedab64a46b4bb9e036afc37931b1c4?x-bce-process=image
°×Ñò×ù,ÕÅº¬ÔÏ,https://bkimg.cdn.bcebos.com/pic/0823dd54564e9258d109f8f5dccbc658ccbf6c81e0dd?x-bce-process=image
½ðÅ£×ù,Íõö­ö­,https://bkimg.cdn.bcebos.com/pic/267f9e2f070828381f30290af8d0be014c086e065bd1?x-bce-process=image
°×Ñò×ù,ÍõÀöÀ¤,https://bkimg.cdn.bcebos.com/pic/37d3d539b6003af33a87f9710663d15c1038534318c3?x-bce-process=image
°×Ñò×ù,¶¡µ±,https://bkimg.cdn.bcebos.com/pic/d01373f082025aafa40fdccbbba4bc64034f78f0acd0?x-bce-process=image
ÌìÐ«×ù,Ðí·É,https://bkimg.cdn.bcebos.com/pic/f703738da9773912b31b1f61b8509118367adab444d3?x-bce-process=image
ÌìÐ«×ù,Ô¬Ó½ÁÕ,https://bkimg.cdn.bcebos.com/pic/060828381f30e924b8996b310c4179061d950a7b59d3?x-bce-process=image
½ðÅ£×ù,°×±ù,https://bkimg.cdn.bcebos.com/pic/c8ea15ce36d3d539b6003bdf7acefe50352ac65c1adc?x-bce-process=image
Ê¨×Ó×ù,ÕÅÓêç²,https://bkimg.cdn.bcebos.com/pic/b21c8701a18b87d6277f220447413f381f30e92457dc?x-bce-process=image
½ðÅ£×ù,Äþ¾²,https://bkimg.cdn.bcebos.com/pic/574e9258d109b3de9c82ed749df67b81800a19d8e6dc?x-bce-process=image
°×Ñò×ù,À¶Ó¯Ó¨,https://bkimg.cdn.bcebos.com/pic/10dfa9ec8a13632762d02821a2c6b7ec08fa513d69c5?x-bce-process=image
½ðÅ£×ù,ÀîË¹µ¤ÄÝ,https://bkimg.cdn.bcebos.com/pic/4e4a20a4462309f790527b0832471bf3d7ca7bcb78dd?x-bce-process=image
Ë®Æ¿×ù,³ÂËÉÁæ,https://bkimg.cdn.bcebos.com/pic/b90e7bec54e736d12f2eae14ca1958c2d5628535c3dc?x-bce-process=image
Ë«Óã×ù,ÕÅÃÈ,https://bkimg.cdn.bcebos.com/pic/6d81800a19d8bc3eb1356cf8b7c2b11ea8d3fd1fefe2?x-bce-process=image
´¦Å®×ù,Ö£Ï£âù,https://bkimg.cdn.bcebos.com/pic/a8014c086e061d950a7bb4242abd1dd162d9f2d35cdf?x-bce-process=image
½ðÅ£×ù,ÍòÜç,https://bkimg.cdn.bcebos.com/pic/5bafa40f4bfbfbedab64a4514bb9e036afc37931b1ce?x-bce-process=image
Ë®Æ¿×ù,Îâê¿,https://bkimg.cdn.bcebos.com/pic/8644ebf81a4c510fd9f92c465910322dd42a28340f1f?x-bce-process=image
Ê¨×Ó×ù,ÍõÖÇ,https://bkimg.cdn.bcebos.com/pic/d1160924ab18972bd407b2d6a6846c899e510fb39cdc?x-bce-process=image
Ë®Æ¿×ù,»ÆÁä,https://bkimg.cdn.bcebos.com/pic/4610b912c8fcc3cec3fd8d2cd20cc188d43f87948ad1?x-bce-process=image
Ë«×Ó×ù,ÉòÃÎ³½,https://bkimg.cdn.bcebos.com/pic/3801213fb80e7bec54e71ba51667ae389b504fc23d14?x-bce-process=image
Ä¦ôÉ×ù,ÁõÜ¿,https://bkimg.cdn.bcebos.com/pic/d8f9d72a6059252dd42ad75f0dd2143b5bb5c9ea131c?x-bce-process=image
Ë«Óã×ù,ÒÁÄÜ¾²,https://bkimg.cdn.bcebos.com/pic/c2fdfc039245d688d43fe3b8f58b6a1ed21b0ef48edc?x-bce-process=image
Ë«Óã×ù,½ðÉ¯,https://bkimg.cdn.bcebos.com/pic/5366d0160924ab18972b596c0cb3f1cd7b899e519d1d?x-bce-process=image
Ìì³Ó×ù,Óô¿ÉÎ¨,https://bkimg.cdn.bcebos.com/pic/42166d224f4a20a44623e199a91b8f22720e0cf37a11?x-bce-process=image
°×Ñò×ù,°¢¶ä,https://bkimg.cdn.bcebos.com/pic/f7246b600c338744ebf8fa670046cef9d72a60590adc?x-bce-process=image
Ìì³Ó×ù,º£Â½,https://bkimg.cdn.bcebos.com/pic/9345d688d43f8794a4c2f901e15219f41bd5ad6e8cc1?x-bce-process=image
