ids,times,stars,previews,likes
横道世之介,2020-10-02 23:57:36,20,看这个节目最大的舒适感，就是屏蔽完赵薇郭敬明呱噪的业务指指点点，还能继续有幸听凯歌导演儒雅的，不急不缓的讲戏，在专业角度上的输出，他真是伟岸的。,515,
海边的西米,2020-10-03 02:37:43,40,想看尔冬升骂遍所有想露脸十八线男团idol,2623,
kakakarl,2020-10-02 23:09:01,30,太奇怪了，算上郭敬明，四个评委导演也都是拍电影的，而制片人评级都是用电视剧的标准在看演员，太割裂了。尔冬升才是这季最大惊喜。充什么样的会员，才可以看去郭敬明版？,895,
一口大井子,2020-10-12 01:06:51,20,陈凯歌最像学院老师，四个人里最会调教演员的。尔冬升是艺考的考官，严厉但准确。赵薇像辅导员，当年也是考过来的。郭敬明就是鬼艺考培训机构的老师，满嘴理论知识，但也就够糊弄一下高中生了。,341,
DING,2020-10-03 12:12:00,40,太喜欢温峥嵘那种坐在B级却浑身上下散发出S级光芒的状态，好演员值得被看见。,1287,
紫色鱼丸,2020-10-02 22:09:01,40,尔冬升太狠了！好犀利！但这节目最开始被评S的几个人是真的不行。为了孙阳再加一星吧喜欢他的《过春天》。张大大太辣眼睛了怎么哪里都有他？？烦死了🍃——郭敬明仿佛是来选妃的口区,1141,
Cycble,2020-10-03 08:11:46,40,①第一期就出现名场面“晏紫东彩旗拔丝接吻”“尔冬升批张大大像小偷”，牛逼。②其实出圈的演员不是太多，所以牛鬼蛇神拉出来溜溜就知道谁几斤几两了。③演技好未必得到市场的认可，有流量也不代表有光明的未来，被粉丝绑架乃至不敢和合作女生拥抱的某男偶像，说你呢。④同样是毒舌，李成儒比隔壁音乐节目的神棍丁太升好多了，至少他会结合实例告诉你什么是好的表演什么是不好的，而不是找噱头搏出位。⑤小四郭敬明疑惑常出演抗战剧男一的杨志刚得S，赵薇神补刀你可能不看，就是大型平行世界现场。⑥期待让人眼前一亮的黑马出现。,353,
尼歌臭豆腐,2020-10-03 01:09:40,20,郭敬明在影视方面有作品吗？凭啥做评委？还有赵薇说话可以不要这么拧巴吗？请你大方点自然点好吗？,113,
why-songjk,2020-10-03 09:13:25,20,这个开场评级是一场大型女性就业歧视会吧……突然发现不是观众不喜欢年纪大的女演员，完全就是制片人清一水的瞎子,83,
莫卡纳达兰克特,2020-10-10 23:58:05,20,请问，郭敬明是来节目找对象的吗？以及中国没有能拿得出手的演员了吗？牛鬼蛇神不加思考靠着流量和热度就都能自称演员了吗？,71,
生人回避,2020-10-02 22:59:23,30,真挺没想到的，第二季的最大看点居然是尔冬升的点评。,797,
林杨小太阳☀️,2020-10-03 01:45:33,30,尔冬升导演看了表演连夜扛着高铁回香港😂,683,
妙脆吱吱,2020-10-02 21:42:51,30,尔冬升点评挺一针见血的，“你演的很吃力，我看得很辛苦”😂，真酷啊，40年来从来都是直言不讳的小宝。演员的质素也挺参差不齐的：前辈里看好几位曾经红过的姐姐（黄奕，倪虹洁，温峥嵘），后浪里最期待孙阳（《过春天》里可太好了）。想转行的爱豆显然位于竞演选手的最底层。但节目为了流量和话题，不得不磨刀霍霍向爱豆。,413,
哼哼.floweray,2020-10-03 00:01:51,10,第一季后面拉垮也就算了，但第二季说一千道一万，郭敬明还在那儿，就是对导演和演员最大的侮辱,678,
若谷,2020-10-02 23:01:18,50,他们四个批评人真的严厉又一针见血，尤其尔冬升导演，太厉害了，“你帅你有梁朝伟帅吗”，比李诚儒还直接,488,
君惜凉,2020-10-02 23:12:40,50,这一季导演配置更好看了，尔冬升导演点评辛辣直接，陈导还是那么温情鸡汤爱鼓励后辈，李成儒老师和小四薇姐点评依旧比较专业。去年的如坐针毡、如芒刺背、如鲠在喉今年的味同嚼蜡、味如鸡肋、如此乏味,278,
小小小小歪儿,2020-10-02 20:47:02,30,演员也就这样，施柏宇感觉很舒服，一向喜欢尔冬升。李成儒老师牛逼！咱不玩了！,288,
徐若风,2020-10-02 23:59:06,30,第一季郭敬明的那些舞，在这一季尔冬升的舞面前，简直就是小舞见大舞，毫无技术含量。小宝，天生的综艺巨星。不过第二季续航肯定不如第一季，请的演员中实力派太少了。/第七期：开播就猜到如果这个节目不要脸的话肯定会写陈宥维何昶希的欲扬先抑逆袭剧本，结果还真的走起来了，笑了。,182,
独孤行二,2020-10-02 23:17:35,30,继李诚儒第一季的三如金句之后，熟悉的三味又来了，证实了这节目最有意思的就是点评。爱说真话的尔导果然圈粉，黏液拔丝是什么虎狼之词？,131,
PRAI,2020-10-02 21:08:38,40,不错，想看他们四个批人,345,
王导演,2020-10-03 01:05:39,10,郭敬明一副小家子气，在几位大佬面前真的没皮没脸。大鹏都比他有才。除了动嘴皮子还会干嘛。烂片之王，不配坐在这里。节目组还选他的小时代当剧目？怎么不选尔冬升的门徒？好好看看什么是作品。,382,
司马青山_,2020-10-10 21:50:17,20,郭敬明是真恶心,52,
弗洛伊彪不发怒,2020-10-03 11:32:42,40,1.尔冬升导演的点评比儒学三连更切中要害被他diss的半吊子演员们估计午夜梦回都跟响起紧箍咒似的得心头一紧吧…2.凯子哥真是个仙气飘飘的浪漫文学男孩儿呀！3.郭敬明来这节目就是给人添堵+填充后宫的,121,
-D,2020-10-03 00:55:20,10,再问一次赵薇和郭敬明有什么资格🙃,203,
就想吃小龙虾🐡,2020-10-11 00:53:48,10,那个人又来了，带着他的顶级诡辩术，满满的自我感动，裹挟着道德绑架一起来了。一时不能决定是这一届观众更惨要被迫看这样的表演，还是部分优秀的影视从业人员更惨要被迫在这个劣币驱逐良币的市场里生存。//原来陈导的诡辩才能和阴阳话术也是顶级的，失敬。打一星的人真的瑟瑟发抖，因为大导演们的作品都如“新生婴儿”一般娇嫩，普通人只有恭喜祝福的份儿，什么打低分写差评通通都是没脑子缺心眼的人才能做的事呢！,180,
冬小芝_Jay,2020-10-10 20:50:23,10,郭敬明的s卡对得起其他39个演员吗？诡辩派继承人,118,
独爱人山人海,2020-10-02 22:07:58,30,哈哈哈哈恶作剧之吻硬生生被演成了一场拔丝之吻,114,
今古语,2020-10-11 17:37:24,10,把真正会当评委的李诚儒边缘化继续捧烂片、抄袭、选金丝雀的郭敬明还换了个站队的主持人？！不愧是物以类聚专拍烂片很会炒热度啊，这个节目，但起码给00后，10后呈现一个好的宗旨和价值观吧,110,
第一导演孔笙,2020-10-10 21:36:36,10,不能好好办受资本控制就别办了！还有我想问一下就郭敬明的水平凭什么当评委？在侮辱谁的智商呢？,84,
白马银枪,2020-10-10 23:06:04,10,垃圾！郭敬明太垃圾了！！本来还能看得下去，第二期活生生让郭敬明给恶心吐了！这节目只要有郭敬明，再也不会看了。FUCK！【新增：辣目洋子演的太好了！太好太好了……】【食言了，网上看到个片段，还是去看了一段，陈凯歌，呕！】,76,
依然范特西,2020-10-10 20:42:17,10,那个秀人是什么拿到s的？？？？一星给郭敬明，他值得,58,
大魔王是你,2020-10-11 01:40:35,10,从郭敬明给那个演技差的男演员一张s卡以及大鹏站队能看出来，这节目也就这样了,67,
Foley,2020-10-05 14:39:57,40,尔冬升一个人拉高了这个节目的档次。,83,
狼犬少年,2020-10-10 20:18:30,10,一星是给郭敬明的,58,
西西,2020-10-11 21:09:42,10,郭敬明、大鹏以及一众演技低到地心的流量垃圾，让人恶心。🤬🤢🤮,55,
林深鹿饮溪,2020-10-10 20:39:15,10,别问，问就郭敬明,54,
凡子鱼儿,2020-10-11 10:24:20,10,郭敬明这种价值观还有市场，就是这节目最大的败笔,45,
茉莉雪糖,2020-10-10 22:00:03,10,一个导演可以对于自己所要拍的戏的演员有所挑选，但是演员请就位就是考验大家演技水平的，或者挖掘有很大潜力的新人，而不是来挑人，以自己喜好为标准。喜欢谁就给谁s，这是来过家家吗？随心所欲为标准，那么郭显然跑错地方了，我觉得他可以去选秀节目选演员，一抓一大把.....错误的观念导向，是否会让很多新人产生困惑，或许不需要很好的演技，反正这是导演的能力，演出来不好导演要背锅，没有挖掘出演员的闪光点.....“千里马常有，而伯乐不常有”，如此运用，何人不是千里马？弃了~标准混乱，如芒在背，如鲠在喉,41,
[已注销],2020-10-03 00:41:38,10,弯弯资源咖第一季无数个这一季用心捧一个长相丑台词差强行和对手女演员（实力）拉到一个档次就是弯弯资本最擅长的吐了,44,
弘与合欢,2020-10-03 03:17:45,30,最成功的地方是挖掘到了尔冬升这么一个敢说的评委，最尴尬的是这一季能演的好像不太多。,116,
pan pan,2020-10-11 00:21:34,10,真恶心，连郭敬明都能当评委，这什么眼光。请的这群演员也是演的尬到家了。,38,
Triangel,2020-10-02 23:58:34,10,有郭小四这种肮脏的东西在，这个节目还会干净吗？,38,
忍冬,2020-10-11 00:49:07,10,给何昶希s就离谱，太随便了这节目,29,
拓拓Esther,2020-10-11 09:14:22,10,大鹏情商？小四选妃？节目组为了要话题，竟整些三观不正的事儿。请广电封了这俩人吧,29,
松松松松呀,2020-10-02 22:59:36,40,马苏说五分钟的戏，怕观众get不到角色关系，害，怕不是低估了《隐秘的角落》的出圈程度......,76,
小烨,2020-10-10 23:31:14,30,看了何昶希演的魏无羡，我差一点就原谅了肖战，一具初代机器人在读对白，稍微对文字有一点理解能力都不至于演成这样，太可怕了……郭敬明是不是在给自己选“男团”？？？,78,
鼓腹游,2020-10-03 13:45:27,30,拔丝之吻看的我瞬间窒息！找流量还是找演员从这些制作人口中一下就明白了，节目方明显奔着流量来着的，所以看马苏、温峥嵘在B级，甚觉惋惜。从演员世家，到导演制片人，到金像奖主席，尔冬升点评句句到位，就这哪里狠了？非得小心翼翼呵护你们这些毫无生活沉淀、毫无演技质感、一捏就碎的爱豆的玻璃心？张大大这借口比我小时候作业忘了带还廉价，郭敬明？？？,62,
晗,2020-10-11 09:23:54,10,这一分是为郭敬明打得，是他毁了这节目，强行喂观众吃💩，陈凯歌真的只能说曾经是个好导演,31,
耿豆包,2020-10-03 01:16:48,40,尔导请多说实话,54,
棠夏,2020-10-11 02:09:32,10,郭敬明算导演吗？？？？,33,
苏晓,2020-10-10 22:05:24,10,本来就是为了看尔冬升“怼”人，但是看到李成儒pk郭，我去秒打一星，我要是李成儒我就直接不录了回家“躺尸”去了！！！神马玩意！！！骂都懒得骂,28,
风和雨,2020-10-10 21:06:14,10,果然娱乐圈就是恶心。江湖不见。,26,
气联——姜云升,2020-10-11 00:03:53,10,不想说了，小辣鸡,0,
万事想来都在朕,2020-10-03 03:04:04,40,尔东升导演666啊，李成儒老师期期都在就好了。,40,
多么好呀,2020-10-25 09:44:56,10,戏精请就位，李诚儒快逃吧,22,
霜月冬桥,2020-10-25 01:05:58,10,中国影视的悲哀，展现的淋漓尽致,22,
腊戌,2020-10-25 01:11:18,10,大鹏搅屎棍，还总是一副自负的丑陋样子，看的真让人倒胃口。郭敬明真的一直胡说八道，诡辩。陈凯歌架子很大，听不得一点差评。赵薇很可笑。尔冬升中规中矩，只是说了一些该说的话，什么敢说都是营销的，现在观众被环境影响的太容易震惊了，这是资本还有文艺领域合体做的坏事。李成儒老师最惨的，总是让他先说，他也诚实说了，最后被怼得罪人的还是他。偏偏他还愿意来，愿意继续说。真的老师，时代变了，谁认真谁输。,29,
Валентина,2020-10-03 00:16:51,30,李成儒和尔冬升nice,55,
刘十九,2020-10-06 14:37:29,30,要是能让郭敬明回家就好了，他也配？呸！,43,
番茄炒鸡蛋,2020-10-11 21:19:22,10,四娘一张S换我一张1星。｜看前两集以为只有郭敬明在秀底线，看到现在发现台下四个加整个节目组全是操蛋玩意儿，真是可怜老李头坐在那里受窝囊气，和唐一菲一起退赛了吧。,22,
Saladin🎯,2020-10-11 00:20:51,10,郭敬明就是个笑话～呵呵……,29,
ernst11,2020-10-11 19:24:09,10,矮子扣两星，主持人扣两星，其他挺好。,18,
Enchantee,2020-10-11 00:09:24,10,郭敬明依然是那个熟悉的诡辩达人,18,
Eliza,2020-10-03 01:16:41,30,张大大到哪里这么烦人,44,
爱弥留,2020-10-05 18:10:40,10,有几个演员？是只要演过戏无论演成什么样子都可以叫做演员吗？现在的演员标准和我小时候真的差好多。,22,
Wei,2020-10-25 01:06:16,10,这节目现在为了热度真的无所不用其极,18,
YI che,2020-10-03 01:45:07,20,说到底还是资本的游戏，看到一堆网红和icon为了曝光和转型大喊我就是演员，真的很尬。,50,
迷宝,2020-10-10 21:44:46,40,最喜欢看郭敬明哔哔哔一大堆，其他人憋着“卧槽这个大傻x”的潜台词然后环顾左右而言他的戏码了～陈凯歌说“It‘sasuchbigsurprise！”最佳台词！～～,32,
Ratatat,2020-10-02 22:04:55,30,第一期守着看了好无聊除了尔冬升导演其他三位已经完全没有新鲜感了赵薇给出去的S让人完全无法理解整期节目也没给出什么有价值的东西...任敏真不错期待后面的表现马苏和倪虹洁发挥正常稍微有点用力看了下后面剩的演员竟然不知道该期待谁了...,42,
jervisy,2020-10-10 21:14:11,20,郭敬明来选男团的，呵呵，给李诚儒老师加颗星！,31,
糖醋排骨真下饭,2020-10-27 12:56:14,30,当陈凯歌说出《误杀》的拉揾和阿玉应该爱与宽容的时候，我就理解为什么《霸王别姬》后再无好作品，他才是那个封闭世界的人，现实版何不食肉糜,27,
吴亦凡,2020-10-03 01:48:25,50,为尔冬升导演打call！审美完全和他一致哈～,78,
little airport,2020-10-11 16:01:03,10,郭敬明有资格坐到导师席上吗，他有一部评分超过6分的电影吗,16,
大理石少卿,2020-11-01 00:59:53,10,一个个说的都很好。但是，说一套做一套，这就是虚伪！或许这就是节目的初衷，告诉大家娱乐圈就是这样的虚伪。另陈凯歌导演，您说的最好，您也最虚伪。心眼也太小了吧，自以为是的巨婴。,14,
今天吃火药了吗,2020-10-11 02:39:21,40,这季真的很敢说啊，尔冬升导演直率又可爱，越来越喜欢李成儒老师了。但是对郭敬明也是慢慢无语了，他的一张s卡不仅不尊重其他演员，还让拿到的演员难堪。还有董成鹏的站队式主持，和他当年诬陷大张伟一样，让人反感。,18,
谢耳朵是萌兽,2020-10-02 22:49:15,30,一个综艺一旦第一季稍微出了点名堂第二季就会出现一票这也不行那也不行的爱豆无语,32,
亦可赛艇,2020-10-26 18:18:03,10,太几把傻逼了，误杀演成这逼样能被互夸，李诚儒老师待这儿受着气干嘛？,16,
哪吒男,2020-10-24 22:45:49,30,我们的电影是被演员们搞坏的吗是那些在任何领域掌握资源就对电影指指点点颠倒黑白翻云覆雨的人做的恶啊郭敬明就是这些恶的喻体我们的电影就是《无极》里的倾城看似拥有世间一切唯独没有真正的爱仅有的爱来自我们这些昆仑奴,13,
管⁢⁢理⁢员,2020-10-11 15:36:56,10,郭敬明坐在导演席立诡辩点评是演艺圈的耻辱郭敬明给出的s卡告诉观众血淋淋的现实烂片存在即合理当小人坐上有影响力有话语权的位置开始翻手为云覆手为雨给观众喂屎也明白节目组在想什么的一切都是为了热度,16,
苏克不是糖,2020-10-25 22:21:37,10,本来以为尔冬升是四个导演里面唯一敢说真话的，《误杀》之后才发现，原来台上四个导演才是抱团的，演员演技差可以讲，真要说到片段导演的时候就不行了呗。心疼李诚儒，踩上这根红线，被四个导演集火喷成了筛子。这个节目完美诠释了，坐着选人的四个导演才是真正的影帝，只要互相捧，谁都有个光明的未来。,20,
老逃避现实选手,2020-10-10 21:45:22,20,真特么难看啊。为什么总是演一些质量本来就差的国产剧？为什么总是请一些乱七八糟的选手？张大大真引起不适。能不能不要请郭敬明了？再怎么喜欢陈凯歌尔冬升赵薇都救不了。,31,
吾爱李太白,2020-10-15 17:38:45,10,郭敬明乱给s卡可真给我气笑了，还有那大鹏第一次见主持人站队的呕呕呕,13,
深夜的阿斯伯格,2020-10-04 22:46:30,40,尔冬升现在越看越像黄维德。坐等下期李诚儒手撕郭敬明（没有恶意，很喜欢郭导）真不明白赵薇怎么一点五部电影就导师了，难道是因为演技好吗，真的是没什么料。这次完全被任敏圈粉了（这么看来的话赵薇的作品竟然是最好的，艺术可以改造人的灵魂）,16,
Enjolras,2020-10-12 07:27:09,10,郭敬明看到就想吐。,11,
盒子,2020-10-11 00:38:04,20,四星，郭敬明拉低了节目的水准，他的狡辩和洒狗血一样的裹挟价值观太可笑了，那只能骗骗小孩子。就是这种烂导演才让那么多烂偶像站在台前变成烂演员。还有那个拉偏架的大鹏，不觉着羞耻吗,29,
艺术家一礼拜了,2020-11-04 21:40:37,10,评委和主持人展现了丑陋众生相，节目组展现了鹅厂无下限的三观。看到让人产生心理生理不适，这种毫无底线的用力和毫无廉耻的勇气，我也是佩服这样一个节目的主创团队和主管部门的。,11,
字母大大,2020-10-03 23:18:14,20,这个扯淡的节目又来了。无名演员来博出位，小名气演员来拼上游，大牌点演员来反向翻车带流浪。外行导演来造话题，内行导演来教学普及。新人公司拿这个当通道捧自己的人，制片人拿这个当行业风向和标准。节目制作单位披着演员的外衣搞项目。这节目看完就两个结论，导演这工作难度其实难度真不大，和其他行业是一样一样的，当个头部不容易，当个一般导演真谈不上多难。另外无论他们怎么聊这那理念，全是她妈扯鸡巴蛋，和真正的演戏和导戏没卵关系。乐呵乐呵得了，就酱。,24,
GT,2020-10-24 22:56:01,10,全程商业互吹！口水节目，商业街目，浮于表面的互吹节目。能不能有真话了？！黄奕爱听好话，全部给她讲好话；《误杀》这段真的不好，非要夸成一枝花。演员全在那里说自己不容易，却不去对他们的专业水准有要求。口水节目，商业街目，浮于表面的互吹节目。谁为观众说话？为观众负责？只有李成儒老师了。然而李成儒老师还被他们欺负。垃圾节目，越来越差，越来越假。全是商业互吹。。。,15,
credence,2020-10-02 23:46:01,20,第一集是资本瞎捧的生动表现,22,
No Words,2020-10-14 22:39:38,10,这大鹏和郭敬明还有赵薇就离谱，三个王八蛋一样的人物。瞎了一群好演员了。大鹏和郭敬明的黑料就不说了，怎么能够这么垃圾，还有这些演员，导演组是先睡的再让小四睡了选出来这么些畸形种嘛，还有那张大大，我是没想到五花肉都会偷东西了。这节目组是纯粹的三流，制造噱头现在是个人都能看出来，剪辑学的有嘻哈的司马剪辑嘛。这些有作品的导演是咋让整上来的就好奇,12,
姁茈,2020-10-18 20:31:42,10,这个节目让我见识了翻云覆雨的小四，也看到了茶里茶气的大鹏，奇怪的cp又增加了呢🤷‍♂️,11,
tt,2020-10-25 23:25:44,20,只有第一期是好看的，越往后越不对味，根本不是发掘演员和演技的综艺，还是满满的炒作，到后面甚至演变成四个导演报团互吹，怼唯一敢说真话的李成儒，真的有被恶心到了,19,
旁观者,2020-11-16 00:41:34,20,何昶希演的是什麼玩意？？？？？？呆若木墩，演成這樣還每次都拿S卡，是不是陳學冬正室不保，郭4移情別戀了？？？？？？？,13,
冷冷之初,2020-10-11 10:45:14,20,被爾冬升圈粉。本来打算为他继续追下去。但昨天小四和大鹏的操作把我惊呆了。小四公费选妃一贯作风，大鹏是在干什么啊，偷换概念还站队。李诚儒明明说插话是没大没小没礼貌。他拉偏架非给人上升到前辈打击晚辈的工作能力，根本就是两码事。这种没有一点点主持素养乐于当JSG的人居然还是以主持人身份出道的，想想就觉得魔幻。还不如演员出身的沙溢会主持。,16,
无耻不混蛋,2020-11-17 15:12:31,10,就冲郭敬明连着三次给毫无演技可言的何昶希S卡，这节目就只值一星。,7,
校长,2020-10-10 22:35:25,20,郭敬明帮何昶希仇恨值拉满了演员的门槛真是够低哈，木头也能演戏,18,
shininglove,2020-10-09 16:44:04,30,刚入行时，曾经被尔冬升导演“骂”过，很感激他，实话不好听，但中肯。,14,
一根麻花,2020-10-02 21:48:59,10,刚看完下期预告，李诚儒和郭敬明又干起来了。我谁都不是谁的粉丝，但真的，我总感觉李诚儒的语气和表情，动作什么的，有在针对郭敬明。不知道郭敬明要给谁S卡，但前面赵薇给施博宇S的时候也没跟其他人商量啊…也没见他说话啊,0,
无限循环小数,2020-10-11 00:35:02,20,没有规则的节目➕拉偏架的主持人,14,
JL丨兀,2020-11-01 05:33:07,10,这综艺看点评环节的，你要是真想腾讯去做个真真正正的演员节目，得了吧，下辈子。就这最新一期，陈凯歌居然给姓陈的那位idol评A？这是多么奇葩的事情！《甄嬛传》剧目里演得最垃圾的就是他，点评环节陈凯歌还一个劲的洒鸡汤，最后以鼓励新人给A晋级？？？直接打脸自己之前说过的话。这要没内幕，没后台我还真不信。还有《门徒》那里，姓王的年轻演员演的有气无力没内心戏没眼神的阿力，有两位导演能给S？这是专捧新人，还是内幕走起？,14,
姁茈,2020-10-18 20:31:42,10,这个节目让我见识了翻云覆雨的小四，也看到了茶里茶气的大鹏，奇怪的cp又增加了呢🤷‍♂️,11,
无耻不混蛋,2020-11-17 15:12:31,10,就冲郭敬明连着三次给毫无演技可言的何昶希S卡，这节目就只值一星。,7,
一根麻花,2020-10-02 21:48:59,10,刚看完下期预告，李诚儒和郭敬明又干起来了。我谁都不是谁的粉丝，但真的，我总感觉李诚儒的语气和表情，动作什么的，有在针对郭敬明。不知道郭敬明要给谁S卡，但前面赵薇给施博宇S的时候也没跟其他人商量啊…也没见他说话啊,0,
JL丨兀,2020-11-01 05:33:07,10,这综艺看点评环节的，你要是真想腾讯去做个真真正正的演员节目，得了吧，下辈子。就这最新一期，陈凯歌居然给姓陈的那位idol评A？这是多么奇葩的事情！《甄嬛传》剧目里演得最垃圾的就是他，点评环节陈凯歌还一个劲的洒鸡汤，最后以鼓励新人给A晋级？？？直接打脸自己之前说过的话。这要没内幕，没后台我还真不信。还有《门徒》那里，姓王的年轻演员演的有气无力没内心戏没眼神的阿力，有两位导演能给S？这是专捧新人，还是内幕走起？,14,
胡汉三又回来了,2020-10-02 21:45:24,10,尔冬升不错，其他人都在干什么,16,
小知,2020-10-10 23:37:50,10,因为gjm的存在我只能给1星,11,
垃圾短尾土猫,2020-10-25 03:59:07,30,大鹏此人给我带来的恶心和生理不适感已经远超小四了,10,
猫小喵,2020-11-04 20:53:37,10,从根儿上烂掉的节目，或者说这是部记录片，记录导演是如何说假话看人下菜的，记录主持人是多猥琐现场站队拉偏架的，记录有演技的演员是如何被资本淘汰的，记录垃圾是如何在台上产生的，记录喂给观众的屎是如何热气腾腾出炉的。,13,
asi,2020-10-25 04:22:41,10,滚你妈陈凯歌,8,
阿廖沙,2020-11-15 02:33:08,10,人至贱则无敌！没有一个说人话的，没有一个会演戏的！随便找几个抗日剧导演来拍都比他们四个好看！尔冬升陈凯歌太垃圾啦！走过场和稀泥一流，郭敬明依然是个45度望天矫情饥渴的骚鸡，赵薇年纪一大把了还是喜欢小鲜肉…丢人！呕吐！任敏？第一？照照镜子吧都！天啊！不敢相信2020年都结束了，那么多成年人在那尬演！都醒醒吧！发钱啦！娱乐圈的钱太好赚了啦！！mehhhh…tui！,8,
jackey,2020-10-25 01:43:24,10,其实前面还好，但是看到了陈宥维在三生三世十里桃花还有甄嬛传里的表现，再看到网上爆料竟然进入了16强？？？还有对唐一菲恶意剪辑，有意安排演老公成名作里的小三后果断给1星，我以为尔东升会成为敢说敢做的黑马看点，想不到只有李诚儒一个人敢说真话，《误杀》里说了真话还被怼了，难怪国内电影烂片越来越多，弃了，生理不适。,13,
非青,2020-10-13 09:58:46,20,郭导演又开始选妃了。11月更：郭敬明不要学舌扩句了好不好！！别人一说你又知道了！！？,13,
不良生,2020-10-28 22:51:48,30,鹅厂的节目宗旨就是捧新人，所以它纵使找来中年女演员们也不过是增加一些“市场”“女性”的热度而已。小鲜肉们都肉眼可见演技糟糕，中生代里曹骏和辣目洋子我觉得可，最喜欢的倒是三位“老人”：胡杏儿、倪虹洁、温峥嵘。——以前感觉平平，此番才觉得她们仨真棒。,5,
詩意症🍁,2020-10-20 10:18:36,20,这演员评级评的都是神马玩意靠郭敬明上热搜也是够够的了他能和陈凯歌坐一块？真是有够好笑的！,6,
hypothesis,2020-10-05 20:19:12,30,请张大大立刻退赛好吗，👴吐了，尔冬升牛逼！,14,
Google,2020-10-25 17:37:10,10,如果说有多喜欢前两期导演们的一针见血，那么就有多恶心后面导演们的商业互吹。,14,
安蓝·怪伯爵𓆝𓆟𓆜,2020-10-12 18:13:12,20,一帮人聚一起喊着演员请就位，咱到底是来拼演技还是耍心眼子的？演员没天赋，没演技可以告诉他鞭策他调教他，这些都好说，但让人没法接受的是所谓导师在那儿胡咧咧，郭敬明差不多就得了啊！这不是你家炕头儿。大鹏您有金刚钻儿吗就拦瓷器活儿。李诚儒请继续硬怼！别留情面！舒适！,7,
LeungChanXXX,2020-11-17 17:13:53,20,越看越塑料...这都尬捧些什么奇怪的流量鲜肉啊，节目组爆炸//以为看完第七期已经够恶心了，第八期呕呕呕,4,
超宅溜,2020-10-11 01:08:02,20,就冲郭敬明发的鼓励s卡，这节目就只值两星。郭敬明真是前后矛盾，前头说不会找他拍戏对观众负责，一会又说要合作，真是能言善辩，各种偷换概念，既然这么个人主观，作为普通观众，能做的就是避开郭敬明所参与的电影。这不是看演技的节目，是非诚勿扰选妃记，这节目真的很现实，资本裹挟一切，最可乐甄嬛传和陈情令，毫无演技还都晋级了，真是辣鸡节目，不看了，看不下去,14,
麦芽儿,2020-10-11 18:03:36,10,郭敬明就是这个节目最大的败笔，一个随意发放的s卡败光所有的好感，更拉低了节目的层次。我们需要更多的李诚儒。,12,
我,2020-10-10 23:48:11,20,一个演员节目，发s卡的标准竟然不是演技，甚至可以说没有演技也能拿到，那这节目的意义在哪里,16,
我有一座3,2020-10-25 02:10:51,20,只打两星还都只是给李诚儒老师的导演互相抱大腿不带脏字长篇大论的阴阳怪气的陈凯歌真是吐了,12,
Lolliste,2020-10-03 00:28:08,10,真的糟蹋演员两个字,14,
K,2020-10-11 01:30:09,10,一阵阵犯恶心。已是完全意义上的市场决定和资本游戏，评价标准被牢牢掌控在资本大鳄手中，无法撼动分毫。表演艺术被所谓“演技”取代，谁还在乎表演艺术，谁就彻底失败。把艺术完全交由市场，劣币驱良币就成为必然。从这节目能看到，中国的变化不仅是剧烈的，而且是彻底的，根本的。,13,
陈蹦跶,2020-11-04 14:19:14,10,看似郭敬明最烦人实则最蔫儿坏最小肚鸡肠还没有水平的人是陈凯歌！还有大鹏这样见风使舵的狗腿子,9,
豆友206706603,2020-11-23 01:19:53,10,Ｆ调幻想曲得最高分？我可去你的吧，喂观众吃屎,10,
punch and judy,2020-10-31 22:36:11,10,看了几个片段，被雷的体无完肤。cuv怎么做到的？长时间保持一个表情，只有嘴在叭叭叭叭叭。孙千真的应该感谢陈，她演的也挺烂的，台词一惊一乍语气奇奇怪怪节奏差得过分，停顿转折也很突兀，把聪明冷静深情的甄嬛演成了一个唯唯诺诺不自信恋爱脑女人。不过在陈宥维来势汹汹的喜剧大师般的演技衬托下已经没有什么人嘴她了。陈宥维，真有你的👍最后想说，演员演不好观众不能笑了？难怪现在大摇大摆给观众喂💩,10,
今天杀人了没,2020-10-02 22:13:04,50,太刺激了，新赛制也相当真实了,13,
桃子汽水,2020-10-03 09:08:48,40,我好喜欢看尔冬升批评“小鲜肉”和张大大这种无事就煽情的人,19,
一场好梦Zzz,2020-10-10 21:29:47,50,请立即开个李诚儒评价演技的节目太刺激,12,
那就叫可爱多叭,2020-10-13 10:04:00,10,郭敬明太讨厌了，大鹏也是。本来就是凭实力竞争的地方，在座谁不是潜力无限。现在连新人都算是大优点了？本来觉得还挺好看的，连公平都没了还有什么好看的，弃了。,13,
荒岛,2020-10-25 12:51:02,10,唱得不行跳得不行演得不行关键还他妈长得不行的那些臭鱼烂虾选秀男团成员能不能去死，红不了就是红不了。导演抱团真他妈恶心吐了。郭敬明虽然不配做导演，但起码还能说一点真话。李成儒老师下次别来了，这节目不值得。陈凯歌是真的傻逼！大鹏做主持人也是真他妈傻逼。,14,
爆米花教主,2020-10-24 22:54:02,10,不明白张铭恩这种劣迹艺人为何还能上综艺,7,
Oooasis,2020-11-02 11:08:56,10,陈宥维演成这样都能过？,11,
阿之er,2020-10-24 23:00:03,10,我是看完第二季第四期下来评论的。之前导演们都可以从演员本身和作品出发评论，但从这一期起，因为是四位导演执导，除了李成儒老师这个憨憨真实的表达意见，其他的导演们都在互相吹捧、说场面话~互相联合起来让李成儒老师难堪，如果演员请就位还办第三季的话，只要不请李成儒老师，让他过来受欺负，你们就算演成一坨屎，我也给你们五分好评另外，名导只是曾经拍出好作品，但并不是他们拍的所有的作品都是好作品👈👈👈👈👈👈,12,
柚子,2020-10-25 00:28:25,10,建议改名资本请就位，完全看不到对艺术的敬畏。还有主持人大鹏，完全就是代表作代表本人，不要再霍霍主持界了,11,
武蝶,2020-11-04 11:06:46,20,越来越差，我才发现这部综艺最错误的存在是陈凯歌,10,
我佛不渡沙币,2020-10-15 09:34:06,10,赵薇：我觉得现在的女演员很不容易，啪反手给了湾湾小鲜肉一张s卡，马苏和倪虹洁哪点不如湾湾了？郭敬明：我觉得s的含义是student，对不起我觉得你是superstupid,12,
N-oah,2020-10-24 23:37:20,10,让我知道中国电影好不起来了,9,
辣酱,2020-10-25 08:50:01,10,导演少装逼，演员少吹捧，资本控制太恶心，简直就是娱乐圈现实缩小的一个小娱乐圈。让人看到了各种人为操作和资本横行。说实话也就唯一是李成儒了。,11,
Oakis,2020-10-14 23:17:29,10,郭敬明有事吗？他有什么资格作导师啊,8,
振华的小颖子,2020-10-24 23:06:03,10,为了热度完全没有下限真恶心，快滚吧,7,
金小秀,2020-11-01 03:44:54,10,这个垃圾综艺，把娱乐圈极其恶臭的一面展现的淋漓精致！,7,
十三,2020-10-16 23:53:18,10,能不能把郭敬明换走！即使是导演组为了热度为了收视率，也不必放这么憨批的人在这里面！看吐了！🤮,7,
三千岁,2020-10-03 13:30:16,30,综艺节目本身也有导演有编排，甚至有“剧本”，综艺效果决定着收视率，然后才是内容或价值观输出。从海选演员到导师配备，再到表演剧目筛选，无不体现着这一点，节目在导师、演员和表演范本上达到了基本的平衡。导师对演员的表演进行评价，意见相左，甚至大胆揭露行业忌讳，出现争论，这其中有导师自我表达的部分，也有“表演”的成分。李诚儒的“成语梗”就是强立人设，制造话题，也难为了这帮人。由此想到美国一档体育节目：WWE，观众看着释放、宣泄、解压，其实台上表演双方在上台前就商量过怎么打怎么摔，站位、动作细节以及发力程度都经过排演，表演痕迹浓重。演技有好坏，拿来评判、比较也不新鲜，上一季冠军牛俊峰实至名归，且看这一季如何。,7,
imagination,2020-10-24 21:47:13,10,你对得起唐一菲吗？,10,
失踪人口,2020-11-02 00:09:55,10,我对陈凯歌路转黑了,11,
豆花豆,2020-10-25 12:30:12,10,一星给李诚儒老师。本来是满怀期待来看的，结果越看越失望，看到第四期，一群导演说套话，欺负老实的诚儒老师，很心疼。关键夸完了导演、演员，最后还虚伪地不给发卡。第一期尔导很圈粉，到第四期就太失望了。节目组还恶意剪辑，恶意安排角色，恶意炒作，这节目被玩坏了，决定弃了。最后唠叨一句，希望后面诚儒老师退出吧，别再被节目组恶意消费了。很心疼。,12,
枫林,2020-10-10 20:41:12,10,？？？最差的拿s，不愧是烂片王郭敬明,11,
迷恋食物,2020-11-15 05:37:56,20,趁我质疑自己之前赶紧弃了，强捧痕迹太重了，我可不想看到何昶希、陈宥维决战紫禁之巅,9,
阿🐙,2020-10-18 20:59:53,30,郭敬明和大鹏太烦了我吐了,7,
长在天台的树,2020-11-03 18:26:14,10,真的刷新了我对陈凯歌和大鹏的认识，为什么不说郭敬明，因为郭敬明什么样大家不早就知道了。,9,
佐祎,2020-11-15 22:07:59,20,这个综艺如果可以改名为“烂剧的诞生”，“如何在娱乐圈捧高踩低”或者“钱，真香！”什么的我可以打五分。,7,
鱳,2020-10-31 00:39:03,20,笑死了，这节目组怎么连个正经的主持人都请不起。,7,
琥珀色的蝶,2020-10-26 00:03:54,30,我觉得李诚儒是唯一说真话的，这季四个导演抱团太厉害了。商业互吹好无语。,13,
红配绿,2020-10-02 22:54:36,30,众所周知这是个语言类节目,14,
影守,2020-11-09 00:56:42,10,完美地诠释了资本给观众喂shi,8,
请你闭嘴,2020-10-11 09:21:13,30,郭敬明——诡辩第一高手，建议与川普一战🤷,12,
天腐之国,2020-10-25 01:13:20,20,导出来的玩意儿我开二倍速都嫌慢，四个导演还互相吹得出口就离谱，心疼李诚儒,10,
Remedios,2020-10-02 21:05:40,20,两星给小宝和李诚儒选的什么瞎逼演员,15,
Carl,2020-10-11 04:43:21,10,一星给陈凯歌，尔冬升，李诚儒。其他的不配称之为导师。,12,
怪奇少女,2020-11-04 21:46:30,10,就凭李诚儒要退出了就凭陈凯歌给了陈宥维A卡作秀节目剧本安排垃圾,9,
molly,2020-10-30 08:09:51,30,我没看出来胡杏儿面对杀死自己儿子的人时那种仇恨和心疼，也没看出来倪虹洁和她老公这种底层百姓杀了人后那种胆小心虚又要掩盖情绪，崩溃边缘里又有心疼和憎恨……倪虹洁老公那演员演的和地下党一样。有一种完成了任务智斗敌人的感觉……倪虹洁气势那么足，哪像是底层妇女……胡杏儿不像掌握权力的高高在上的那种人，反而像宫斗里的那种人……,7,
想见你,2020-11-14 22:20:58,10,李诚儒老师退出了，四条狗就好好的舔陈凯歌吧。陈凯歌拍完《霸王别姬》就该当场离世。,6,
_风靡万千少女,2020-11-14 23:34:12,10,什么几把东西啊，陈宥维，何昶希演的什么玩意,10,
小丫小淘气,2020-10-11 17:03:48,10,因为郭敬明，给一星。好羡慕里面的关系户啊！,11,
37HETU,2020-11-14 22:42:04,10,流量为王尽显丑态,8,
我思故我在,2020-10-17 16:24:32,20,有一说一，我只是想看尔冬升和李诚儒怼人。。。,8,
蘇清许,2020-11-14 17:42:23,10,限韩令后遗症现在国内荧幕上的，所谓的顶流，当红炸子鸡，小鲜肉，流量艺人，偶像练习生，不啦不啦的，是没有体验过被韩流吊打的时候。娱乐资本野蛮生长，明星配合资本恰烂钱。现在就应该把韩国这些工业化、流水线上生产的偶像明星放进国内，让国内这种封建门阀式的培养感受一下现代工业文明的力量。没有对比就没有伤害，没有竞争就不会进步。为什么祖国影视剧停滞不前，为什么人民群众哀默心死这种原始落后的野蛮喂💩操作，令人厌恶。,10,
蓝蓝与鱼,2020-10-11 00:30:13,10,2020.10.11还以为有了尔导会好看，可惜我低估了郭敬明对自己喜欢的人的偏爱。这个综艺仿佛在告诉我们娱乐圈烂片都是怎么制作而成的。没有演技就去练行吗？别出来污染观众的眼睛。看这综艺一下子就明白了以前一样为什么演艺界会有叫演员少出来的话，因为有些演员的确只适合演戏，虽然这个综艺需要演技，但更多的是一场真人秀，很暴露演员的性格缺陷。但现在这世道不出来参加综艺感觉都没人找你拍戏了，真可怕的世道。我只希望有艺德的好演员能有更好的路。但很明显这就是个还不如第一季的综艺。,10,
叶洲,2020-11-22 05:49:55,30,腾讯之所以还请郭敬明来发房卡，摆明了就是为了热搜。陈凯歌对剧情局部逻辑的理解是细致的，但全局真的不行。这大概也是他现场指导头头是道，但近年的长片都差强人意的原因。尔冬升也许是时间投入或综艺经验不足，没怎么用心改原剧本来适应这个舞台。相比之下还是赵薇最得我心，一是真挚现实，品味也与我相符，加上她的高水准嘲讽郭敬明。节选她被迫导演小时代片段时的三连击：“小时代1-4我一个也没看过，就刚才在飞机上看了20分钟，我想还是算了交给你们吧。”不过她的故事类型多限于都市青年，希望看到更多题材。说到题材，哭哭啼啼的剧目还是太多了。演员里面，我喜欢收放自如的倪虹洁，尤其是花木兰。王智演的几个非主流作品在千人一面的女演员里给我留下了深刻印象，所以还是拓宽点戏路好。然而这俩都淘汰了房卡帅哥晋级了,3,
不喜欢下雨的大吃货,2020-11-08 23:02:17,10,看的想砸电视，各种毁三观，从这个节目让我看到为什么中国烂片那么多,9,
TeddyBear,2020-10-17 23:42:44,10,郭敬明就是纯傻逼,7,
🧸,2020-11-14 21:44:20,10,李诚儒走了简直无法无天了。郭敬明是劣币驱逐良币，凯子哥老狐狸睁眼说瞎话，尔冬升吃瓜群众，赵薇唯唯诺诺不敢说。鹅厂综艺全部拉黑，再看一期我是狗。,10,
Ventura,2020-11-15 13:18:37,10,演技好的被淘汰，李诚儒被逼走，还有个煽风点火的主持人。选手都私下送导演礼物请导演吃饭，那你们还比什么啊？,9,
【Hector】,2020-10-05 10:43:02,10,什么鸡巴臭鱼烂虾的制作组，一群肤浅的十八线爱豆+张大大+郭敬明，不知道的还以为是tm哪个出道节目呢。我真尼玛要呕出来了,13,
居无间,2020-10-09 19:35:00,30,比上一季要好。形式上，将演员的市场生态融入到规则里；内容上，对流量、对演技的审视和批评也都动了刀。尔冬升的真话太可贵、太加分。,4,
ふわふわ,2020-11-14 22:52:33,10,我是真的曹你吗。辣鸡节目浪费时间看小矮子选妃！生活过的够苦了。看综艺还得再感受一遍社畜被？？,8,
宇霖铃,2020-11-15 01:00:10,10,到第七期，完全没法看了，三张s卡捧个零演技的货，真是有钱就可以节目里公然选妃么？,3,
嘻嘻荷包蛋,2020-10-11 19:36:40,10,郭敬明是怎么做到拍的东西全部不及格还那么自信的，他那么普通，却又那么自信,12,
李太美,2020-10-03 07:57:19,30,有时候觉得“竞技”让表演失去了一些诗性与情真，功利心往往让艺术蒙上了一层顿感。,10,
我模糊了,2020-11-03 02:16:18,10,这玩意儿就是行业最大的笑话，难怪每年到头生产那么多垃圾。现在才发现，原来陈凯歌和郭敬明还真是惺惺相惜啊，陈凯歌别挣扎了，你早就被时代抛弃了，江郎才尽都多少年了，现在也就能在综艺里捞点钱。,7,
ooh,2020-11-14 23:35:49,10,导演情商让这些晚辈和观者望尘莫及，粉丝的火热更让人不敢轻易置评，毁掉一个系列，只需要涂点粉红色，遮遮瑕，作假嘛，有钱拿，像王晶采访里说的，“过个肥年不好吗？”,3,
筠,2020-10-25 00:39:46,20,确实被恶心到了，节目组就是biaozi，也要给自己立个娱乐圈残酷如是的牌坊。唐一菲可以十年不拍戏，但是不至于饿死，何况一个人就是饿死，也不该是给什么都可以吃的。想给一星的，但是还有很多我喜欢的演员还在努力，如果流量可以赢过演技，一星就坐实了。,7,
Dear_小板栗,2020-10-18 01:37:39,30,1、郭内心极度自卑，才会那么爱解释，因为他渴望认同感，你不认同，他就和你杠。气量很小。郭敬明可能只是想显得与众不同点，估计他当时根本没想那么多。2、其实当时何在台上如果胆子大一点，大方拒绝，说：感谢郭导的抬爱，但我感觉今天的自己还配不上这张S卡，希望这张S卡可以留给后面比我更值得的好演员！一定比现在吸粉多得多，错过机会了。3、你没有闺蜜间的那种心疼，这是情感基地，没有就像纯吵架。你想伤害对方，来确认彼此的爱。伤害到一定程度的时候该停顿一下。4、演员是个高压职业，你要面对所有人的审视和批评，理解了你才能坚强，才有意志力坚持下去。李溪芮姿态太高了更容易浮躁。,4,
Slples a fire,2020-10-11 07:56:19,30,导演都没毛病，李诚儒也很好，希望各位导演能再直接点，有的演员演的真的是一坨屎，甚至看不到任何努力的痕迹。大棚这个总想着急站队的主持人什么时候换？,9,
beyondgw_009,2020-11-23 08:08:15,20,初期陈宥维对何昶希说：我们顶峰见！观众以为这会是个笑话，结果观众成了笑话。,10,
卿溪,2020-10-26 00:21:27,10,把见人下菜碟发挥到了极致,6,
林杨小太阳,2020-11-04 11:31:20,10,更新：早就弃了。少买点热搜吧，整个节目都很不真诚，不是为了真正探讨演技////////陈宥维能留下就离谱，大鹏是来主持的还是来挑事的？陈凯歌的呛人真是太小家子气了…,0,
起止淡然,2020-10-13 18:33:16,30,节目组：“为了话题和流量，我们需要有人充当搅屎棍。”郭敬明：“我来，这活我熟。”大鹏：“算我一个。”,10,
素衣染天香,2020-11-15 17:29:17,10,先给首页安利过的朋友道个歉。祝贵节目发臭发烂。,5,
呼呼啦啦,2020-10-11 13:36:36,10,郭敬明就特么一傻子，选自己喜欢的，那还演啥呀，直接往那一站，看谁喜欢就发S卡就行了，还有那个大鹏，主持人不应该是起调和作用的么？怎么还开始站队了？真的让我没有看下去的欲望了，请开除郭敬明好吧，导演的小时代评分差到什么程度心里面没有点逼数？能不能换一个导演，谢谢,9,
奥立弗,2020-11-15 21:58:52,10,郭精明请别糟蹋戏了,6,
诸葛若见,2020-10-11 15:49:13,40,感觉大家拍的不是一个节目。郭敬明：心动的男神，三个导演：说话的艺术，李诚儒：电波怒汉，其他演员：甄嬛传之演员宫斗篇。,3,
liumye,2020-10-10 21:04:22,30,不明白郭敬明凭什么做导师...第二集那张S卡简直莫名其妙,6,
,2020-10-04 13:00:15,30,现在的陈凯歌本质上与郭敬明是一类人,6,
淡村路阿蘭,2020-10-25 02:02:33,10,Shameful!Shameful!请PCG的相关宣发团队别再给这档综艺立牌坊了，虽然你们KPI完成得很好。,4,
中国台湾省,2020-10-05 17:36:35,50,不管是导演阵容还是演员阵容都爆表了，第一期倪虹洁最佳。,9,
雨又-,2020-11-15 01:06:27,10,垃圾综艺直接改名叫演员请内定好了那些导演选的什么小鲜肉比娄艺潇、倪虹洁、黄璐还强？？一边说着要多关注三十加女演员，一边选着没什么演技的漂亮男演员？？除了喜欢任敏孙千张海宇这三个有好感，其他有些内定选手真是🐮真是反应了演艺圈的黑暗了李诚儒老师讲的和导演吃饭的事真是没有假,6,
Claire,2020-10-11 16:00:55,30,我的星二颗给李诚儒，一颗给尔冬升和陈凯歌。有了尔冬升，李诚儒老师显得没有那么孤独了。这个世界太需要真话了，也太缺乏真话。陈凯歌的点评儒雅博学，可是电影为什么越拍越偏呢？郭矮子恶心到了骨子里，赚热度，选后宫，蹭流量。赵薇对郭矮子也是鄙视的，话里句句调侃，还不带脏字。但是她离真话的距离就像郭矮子离好电影的距离一样一望无际。那个大鹏也是个舔狗，恶心。最后，想祝福李诚儒，希望你有自己的知音和同类的理解，毕竟这条寻找真实的路，很长很孤独。,9,
An😁,2020-10-18 21:18:49,10,给郭敬明打的,4,
大钊,2020-10-18 01:58:40,20,老实说，抱着嘲讽郭敬明的动机看的，结果他在陈凯歌面前架子低多了，他和陈凯歌讲的理论大多理解，但郭敬明审美真是从《小时代》就没出来过。你说这节目是为了发掘演员吧，好些还没助演真实，玩呢？看了两期，大部分话剧路子，少数电视剧套路，只有辣目洋子一人表演的是电影。影不影后还不好说，这种水平的节目也是鹤立鸡群了。这节目看点不在表演，表演看个十几秒就明白了，直接看导演点评，太好玩了，精华全在点评。陈凯歌的表演层次，赵薇的细腻感受，郭敬明的人物动机，其实导演的评价演员自己要过滤，大多数时候导演说的只是自己的期待罢了，不是什么理论真理，他想象中应该这样，你没这样也不代表你不好。作为演员综艺，海选还是靠名气取胜，过气也是有原因的啊，不如发掘点戏剧专业新生而不是艺人，不然你节目的价值只剩看导演撕逼了,4,
芝麻汤圆不含糖,2020-10-12 00:00:58,10,一星给小四，给大鹏，给房卡,8,
牧辰,2020-10-17 20:13:36,10,抵制郭敬明。,5,
JeSSiE,2020-11-23 19:31:51,20,真的不会再看了，不知道聪什么时候开始，资本参与的东西就早已变味。其中一星给李老师,4,
奇牙牙,2020-10-11 14:50:10,30,郭小四真是一个诡言狡辩、避重就轻、偷换概念的好手，唯一的标准就是恣意妄为。,7,
浮世鸿云,2020-10-29 08:32:25,40,郭敬明在第二集中，不论随意给出的S级卡，还是跟李成儒的狡辩，都处处暴露出低水准人格。当陈凯歌表示Surprise，尔冬升表示标准混乱，赵薇说审美固定时，郭敬明仍然在拿不是当理说。反观李成儒却颇具大将风度，该说的说的滴水不漏，不该说的半句多。大鹏拉偏架的说辞也相当不智慧。,2,
你就是个椰瓜,2020-10-10 22:46:41,10,郭敬明是来拉低这个节目的档次的吗？大鹏一个主持人站边也好不专业。终究还是资本的节目，懂了为啥现在选出来的主角都又丑又木了🙄️,10,
开热水,2020-10-11 21:33:20,10,这个节目郭敬明真的恶心到我了,8,
狮,2020-10-03 14:49:20,10,特别搞笑的综艺看过原剧的一定要来看这些小年轻的演绎比看喜剧片还好笑节目组请不到有演技的人来演吗为什么要请这帮连演技都没有的任敏的演技明明很形式化她每个作品演的都是同一个东西都被吹上天了是因为没有对比就没有伤害吗马苏倪虹洁也没想象那么强连原人物都没理解就按着自己的意思演了揣摩下角色吧好歹有三天给你排练呢很好笑的节目快乐满分,11,
朦胧美,2020-10-04 22:37:33,50,王智真的好温柔，一直在配合、帮助张大大……虽然对手经验不足也依旧很耐心，希望姐姐越来越好。,12,
可可乐乐,2020-10-18 00:43:24,30,陈凯歌：学生最爱的那种导师，双选会抢破头的那种（11.1更新:无语，陈凯歌导的都是些什么啊！）；赵薇：还挺爱跟学生打成一片，经常请学生吃饭，受女学生喜欢的老师；尔冬升：学术能力强但比较push，当他学生会战战兢兢；郭敬明：不知道靠什么水进学校的，还会搞性骚扰，迟早被开除加身败名裂。,9,
一口茶叶末,2020-10-11 17:36:52,40,郭敬明这张嘴啊，能把死人说活,7,
风,2020-10-11 13:11:17,10,大鹏和郭敬明一样不清楚事情的本质，还狡辩,13,
秋天来了,2020-11-23 19:06:45,10,能给负分吗？越来越恶心，弃了。,4,
冰冷熱带企鹅_7,2020-10-11 00:05:43,20,这个节目郭敬明就他妈的搞笑演戏五分钟吵架二十分钟节奏也太慢了两周第一阶段都放不完emmmm一星给其他导演一星给演员们(部分,6,
Kevin,2020-11-15 03:09:35,10,因为郭敬明给了何昶希3次S卡，特来评1⭐，因为没法负分,5,
灰烬霓虹,2020-10-02 20:08:14,50,支持可口考拉的丁程鑫,12,
冰镇西瓜橘子水,2020-10-04 11:55:06,40,尔冬升去参加欢乐喜剧人效果应该也挺好的哈哈哈哈哈,10,
江爱橙,2020-10-04 00:08:10,50,我太喜欢这种演技类综艺了。嘉宾配置真的棒，就是应该请大导演和小演员，这样导师们点评起来也敢说真话，演员的诞生前两季也不错，但是第三季就很难看，最主要的原因就是演员咖太大了，只能捧着，没法批评。演员请就位就很不错，导演们不仅咖位大，而且真敢说，尤其是尔冬升，简直太辛辣了，金句频出，不管是作为演技类综艺，还是作为好笑的综艺，都非常精彩，值得一看。,6,
你不知去向,2020-10-25 09:53:29,10,垃圾营销，铺天盖地的炒话题和恶心人,7,
lucifer,2020-11-03 21:52:17,10,本以为郭敬明已经是这节目的极限了，直到我重新认识了大鹏陈凯歌,10,
叶子,2020-11-15 00:27:54,30,看到第七期了，实在看不下去了，郭敬明的&lt;画皮&gt;居然第二？更魔幻的是S给了何昶希？然后就是郭导的："你保护我，我保护你"what？这是演技竞技节目啊，你以为你在打王者荣耀啊？！尔冬升和李成儒的点评是有营养的，赵薇的点评需要仔细思量，哈哈哈哈哈，娱乐嘛,4,
RubyCat,2020-10-26 19:07:38,30,谁能想到这季最招人讨厌的竟然不是郭敬明。看到陈凯歌在诸多细节上下意识的反应，都忍不住想起金星说的那个“林肯”、“上等人”的故事段子。,11,
billow926,2020-10-25 03:21:33,10,还我李诚儒！！！,8,
炭烤香鱼,2020-10-17 23:01:16,10,郭敬明有什么好作品吗就来当导演，搁这选妃呢,7,
六翼LY,2020-10-14 10:16:49,10,郭敬明、董成鹏、张大大······把这些人凑在一个节目中！你说这个节目它能好吗！！！,8,
安妮海瑟薇本人,2020-11-15 01:01:29,10,看完11月14日这期后的感受：口区。,4,
Gin,2020-11-15 01:04:37,20,李成儒老师走后看这个节目简直如坐针毡如芒在背如鲠在喉,5,
暮麻,2020-10-11 00:37:44,20,看到赵薇说女演员难出头，太难受了。目前出来的这几组演员，无一不是女比男好。倪虹洁马苏更不用说，她们值得远比现在好的一切。｜第二期：不看了，郭敬明在这和搅屎棍有什么区别，这是演员比赛还是给他选妃啊，我服了,9,
刘雪雪,2020-10-12 12:34:27,10,小郭给s我们给一星谢谢，这是我们评定的标准。,13,
电影食客,2020-11-15 04:26:50,10,《郭敬明之爱fei何昶希请就位》,4,
温九,2020-10-25 08:27:14,10,想捧流量麻烦单开一个节目，别用实力演员祭天。,7,
公子舒夜,2020-10-26 12:01:03,10,这节目不如改名吧，就叫《站队拉偏架各种拱火人品辣鸡的主持人，和一堆互相恭维各种跪舔陈凯歌的导演们，如何为了节目的噱头和流量去撕逼的》李成儒可太惨了，站在观众的角度客观评论，就被陈大导演阴阳怪气拿人家私生活讽刺老古董。误杀那个片段，就因为是陈凯歌导的，导演们各种恭维说客气话，李诚儒说自己看的犯困，然后被四个导演抱团针对，既然那么好怎么不见你们几个导演给卡片抢人啊？就只给胡杏儿？笑死人了,13,
大法师琴之心,2020-11-15 21:49:48,10,郭敬明是有毛病吗这节目一股猥琐的气质是在恶心观众吗更新：终于有一个觉得好看的了，话说两季最喜欢的短片都出自赵薇,5,
良吉吉,2020-11-15 04:11:19,10,吃饭吐槽的我表情真的难以控制,2,
余有闲,2020-10-11 10:49:44,10,从郭敬明那么不要脸的给了S卡开始，这个节目就已经不再是一个演员竞技类的节目，连定位都变了，所以0分,10,
Puterde,2020-10-16 23:41:12,20,这个节目让我感受很分裂，太多的表演和所谓演员呈现出来的东西之糟糕，这样水准的东西为什么要让给观众看，节目组和某些所谓演员一没有尊重观众，二没有尊重舞台，三没有尊重自己，人都有点廉耻心和职业尊严，这样水平的表演怎么可以拿出来面对观众,5,
日你个大头鬼,2020-10-10 21:19:40,30,当郭敬明笑着说出自己的代表作是小时代的时候，不管李诚儒怎么怼他，我都支持！,10,
Shine,2020-11-14 23:46:22,30,任敏三场戏见了三次警察。,4,
Ｔhe.Ｅndㄣ,2020-11-04 13:27:02,10,辣鸡节目，全场就李诚儒是个正常的！演技烂透的拿s卡，演技好的淘汰，真优秀，真讽刺,4,
资深电影人,2020-11-15 22:34:03,10,见风使舵的大棚，敢说敢喷的老演员。最后被挤走了。郭敬明是个什么鬼？导演？导你laomu,5,
大mao,2020-11-15 05:25:43,10,预设剧本+拙劣的演技=言行不一的四大导演,4,
llg,2020-11-04 11:23:26,10,像那些演技派都被淘汰，那些毫无演技的却晋级节目组真的不要脸要不李成儒老师退出了呢垃圾节目,7,
就这样醒到天黑,2020-10-05 21:11:46,30,纯看尔冬升来的。陈凯歌总想要一些确定性的东西，情感的动机等等，但这个很难，有那个动机，也未必能做出这个动机下的正确表演，第二个，很多时候，不确定的情感才是更好的表达，太准确往往是一种失误。至于郭敬明，看似说得有道理，实际上大多毫无营养，只是找准了角度在说，不见得有建设性。比如演小北的那个演员，人家角色刻画的很好，郭敬明说什么台词不清晰。个人认为这不是个问题，台词重在说出来的感觉，而不是是否清晰。那些外语电影和方言电影里，有太多台词不清的例子，这不影响观赏电影，我们在乎人物在怎么说话，而不是说的多清楚。一些舞台剧演员台词功底很好，但不见得就适合角色表达。郭敬明实在是现学现卖，理论补课太多，见得又太少。公式套得很好，理解力实在低幼。,8,
冰箱与花,2020-10-27 13:16:16,40,看了之后就应该明白娱乐圈是个多么讲究咖位的地方。抱团站队的样子像极了办公室里拍领导马屁的样子。座上的四位导演哪个不是人精。李诚儒老师真是如坐针毡，妥妥的节目组工具人。咱也不差这个钱，下一季就别来了吧。,5,
叶博延,2020-10-11 12:50:44,40,何昶希s不s不重要，我想给李诚儒郭敬明这段掰头发s,8,
HAL,2020-10-11 16:10:13,30,本来我已经把郭敬明当空气，只看剩下三个评委的内容，但他老乱发S卡严重扰乱秩序，让我真是无语,7,
同落花一样飘逸,2020-11-22 19:58:16,10,陈凯歌就一小肚鸡肠的老男人，我还是觉得是好演员成就了他而已，自己没啥本事。,7,
Creep_,2020-10-03 19:38:01,30,郭敬明窃喜😏：“有了尔导，这季没人会骂我了”,5,
papi姐姐,2020-10-24 23:19:42,10,在考虑是不是要弃了，最新一期非常水，商业互吹+煽情路线，没几个实力派演员，比上一季差好多。节目组搞这么多噱头唧唧歪歪的有什么意思？还是一本好书这样的简单粗暴的好，直接，大气，真演技,7,
我有电线,2020-10-24 23:17:04,20,前面导演还能有啥说啥后面各自负责剧组就开始互相吹捧了怕互相得罪李成儒说点真话就被各种挤兑嘲讽了而且不选曹骏真的忍不了那组明明只有曹骏不错其他俩人完全没法看啊！后续估计不太会看了,7,
豆科植物班,2020-10-25 18:32:23,10,看了两期。一星不针对导演，也不针对演员。单就为这个节目背后的动机和资本运作觉得恶心,7,
Hello,2020-10-25 12:09:19,10,该说小时代稀烂呢，还是连小时代都能被捧成多年前的经典的贵节目更稀烂呢~~,7,
本傑明疤頓,2020-10-18 20:07:50,10,马苏，黄奕，杨志刚。。。看到阵容我就嘀咕，这是演员请就位么，这不演艺圈下水道么？某人胁迫下捏着鼻子看了一集，全场透露出的油腻，腥臭，虚假和造作让我坐立难安。难怪郭矮子赖着不走，如今又来个大鹏，气场太适合了，如鱼得水啊。还是尔冬升说得对，一群人在这窝着，做出来的又不是话剧，又不是电影，也不是电视，这是个什么呢？,5,
夷陵老祖魏无羡,2020-11-10 22:50:29,10,改名吧，流量请就位。这节目就是大型垃圾,5,
考神护体kkk,2020-10-03 00:28:32,30,尔冬升导演就很敢说，点评一针见血，太喜欢了。吻戏拉丝有点不适哈哈哈。诸如陈宥维这类艺人都来上上这个节目吧，不管是演员，还是爱豆转演员，最基本的演戏基础还是要有的，就算是偶像剧也需要演技的。不过感觉他还是蛮清醒的，知道自己的不足，也接受批评，这点还是挺欣赏的。最可怕的就是那种享受粉丝吹捧，不知进取的。希望国内那些无演技空有皮囊和流量的艺人都好好磨炼演技，不要老是大量产出一大堆尬到可以抠出三室一厅的剧。,11,
丽丽爱吃pasta,2020-10-30 02:15:26,10,垃圾！改名成“陈凯歌和他的狗腿子们请就位”吧！！！,7,
日常离线,2020-10-10 20:56:26,10,郭敬明有事吗,7,
好风,2020-10-03 13:55:00,20,无论怎么说，让看过原作品的人，再看他们演绎，怎么看都觉得挺是笑话。只不过大家都来看评委互撕的，表演啥的无所谓了,7,
沉默的奇迹,2020-11-24 11:47:34,30,赵薇的《剧场》大概是这个节目里最精彩的段落了,5,
幽兰,2020-10-10 23:18:53,20,节目还是专业性比较高的，演员的水平能真实体现，郭敬明给何昶希s卡太草率减一颗星，大鹏作为主持人站队拉偏架怼李诚儒，减两颗星！郭敬明和李老师battle意料之中，主持人不知道控场还挑事儿实在败好感！,7,
回家的路,2020-10-25 23:10:51,20,刚开始几场还不错，导演点评都是真实客观的，从第四场有导演参与制作开始，除了李成儒老师说出了观众的心声外，四位导演基本都是商业互吹，明明差的一匹，非要说的天花乱坠，皇帝的新衣？先不说导演水平，就这听不进去意见，互夸的态度，你能指望他们拍出好电影么？,7,
依然范特西,2020-10-25 01:44:03,20,如芒在背，如鲠在喉，味如鸡肋，如此乏味!《无极》无论过了多久，都掩盖不了烂片的事实，四个导演互相吹捧，影视界的悲哀，说真话的人反而群起而攻之，真的是谁认真谁就输，已弃……,10,
爱生活，爱学习,2020-10-26 13:33:47,20,心疼李成儒老师，作为观众，只有李成儒老师替我说出观感没想到陈凯歌这么阴阳怪气，回李成儒那段看得我好生气，也太小心眼了，还拿私生活攻击，动不动就是达成和解，是圣父吗？还喜欢讲戏，我一个观众看戏得每次都听你慢慢讲这样拍的意图吗？就像李成儒说的：形式大于内容,12,
風知道,2020-10-11 00:04:05,10,with泽。小四莫不是来捧哏的，还不如直接演舞台剧哩，,3,
弦哥,2020-11-23 21:21:15,20,陈凯歌好好的做个导演，别抢编剧的活，估计还能拍些好电影。一天到晚抠细节，却忽略了整体。一天到晚求和解，却忽略了实际。郭敬明，说的永远比拍的好。尔冬升，终于知道国产综艺的玩法了吧。赵薇，把嘴张开好好说话都还没学会。S卡从市场定级卡到演技卡到鼓励卡到保人卡，呵呵。,5,
蕾蕾,2020-10-29 00:17:44,10,原本赛事有李诚儒加入显得公正有趣，结果这季突然蹦出个陈凯歌评论意外让人恶心，踩捧谁不明么？那你一统天下好了呀！,8,
十万八千鲤,2020-11-04 14:12:14,20,陈凯歌比郭敬明还恶心。就位的不是台上的那群人，台下的四个导演才是真正就位的演员们。,8,
彈殼,2020-11-09 00:41:00,30,看了下评价，早期的评论大多是骂郭敬明的，后面渐渐开始出现骂陈凯歌的声音了...说回内容本身，只能用「剧里剧外都是剧本」来评价了。前期演员自己排演还凑合，后面导演下场后的点评就成了各种商业尬捧了，诚儒老师也不敢讲真话了，因为某些导演实在小家子气。,3,
豆友210321720,2020-11-01 02:11:52,30,刚看完实在忍不住了，微博都是粉丝捧，我就要说，陈宥维，你演技真的烂，你和何昶希演技半斤八两，顶峰相见？？？自己心里没点数吗？演成这破烂样，出了粉丝吹捧圈子，你看到谁不笑话？别的比你演技好的都走了，还得看你俩留下来，资本nb不说什么了，但你俩演技烂，没得洗！！！气死我了，甄嬛传演的什么鬼。,7,
Taco,2020-11-04 09:26:35,20,讲道理这个综艺现在除了李诚儒老师说实话还有谁说真话陈凯歌导演一副小家子气听不得别人批评他点评还是可以的但别双标行吧公正对待自己剧本的演员很难吗这点就挺喜欢赵薇她对自己的组员既有批评也有夸奖而且陈导最近几期给等级也让我迷惑好的不让进差的反而留住了😰算了看来看去还是稍微更喜欢薇导和尔导演员里面喜欢任敏和温峥嵘其实想打五星毕竟综艺效果拉满下饭看挺不错,6,
内涵小蛐蛐,2020-10-09 16:45:17,10,郭敬明只值一星，但是尔冬升拉回两星，不过节目这鬼节目没安排是不可能的，我只能说第一期而已，为了制造话题尔冬升疯狂输出，就像上一季的李成儒，他不是敢说实话，只是单纯的不爽郭敬明。陈宥维作为腾讯友方爱奇艺出道的演员，就这么被骂，还有张大大，腾讯以前签了他这么多节目，很有可能背后有人，以后可能真要拿个s，等着吧，这烂操行的节目，越想越觉得可能，还是一星算了！,5,
一剑西来,2020-11-04 11:11:48,10,欺负老实人嘛？,4,
养生少女,2020-10-17 23:28:11,10,感觉看这节目看的不是演员的表演而是评委的表演…,6,
SPANCE,2020-10-29 21:28:37,30,陈凯歌导演对《无极》的评价直接败坏了我对这部综艺的全部好感。对于演技的评价没有一个标准答案，然而其身为大导演所缺乏的肚量让我大失所望。,7,
流感时带着猫,2020-11-08 00:50:55,20,看群体怼郭敬明时，本以为是鲜花；看陈凯歌双标给A牌，才发现是狗屎；多给一星是给那些过气且还在努力的人比如倪虹洁，比如曹骏，未必有多好、但不应该面对这样的结果。最后说一句：陈凯歌比郭敬明还恶心。,4,
野,2020-11-22 05:53:14,10,突然有点佩服郭敬明，对何昶希的宠爱从一而终，S卡永远留给这个饱受吐槽的鲜肉。反观陈凯歌，自从组织里有了冠军候选人胡杏儿以后，就对别人倍加关爱。从对郭敬明行为的惊讶，到亲口说出“节目的原则就是帮后进的年轻演员取得进步”。我也只能用一句原来如此，来掩盖内心对当下综艺手段的惊愕和唾弃。,6,
北纬三十四,2020-11-02 14:32:06,20,陈凯歌令人迷惑无语的程度即将赶超郭敬明！尔冬升挺住！,6,
小4,2020-10-25 01:53:43,10,again，我认真就是我蠢。看第一集对于流量明星的批评以为难得的公正的节目。实际上，郭敬明就不说了，呵呵。其他几个也是，嗯，口嫌体正直。一边夸老演员的演技好，一边票又给有话题和流量的演技一般的人。ok，fine，again，it'sjustashow.,5,
岳八千,2020-10-24 23:03:07,30,太爱李诚儒老师,5,
Hector win,2020-11-15 00:08:00,10,郭敬明就是臭狗屎，直接说了，流量当道的演员评选节目就是辣鸡。,5,
五条仁科,2020-10-03 20:10:05,30,基本上都把他们表演得片段跳过去了，就看导演们说话了，尔冬升可以的！,4,
🐢,2020-11-08 01:31:29,10,要是有负分，我会给-10086分这个节目，整个就非常虚伪，把各种阴暗面各种恶臭毫不避讳的搬上舞台，佩服。看到了世界的恶意，以及好演员的艰难，唉，生活本就太难了，还让人看这种垃圾玩意儿，口区,7,
桃夭,2020-11-07 21:35:09,10,这综艺可真是绝好演员被淘汰演技烂成稀泥的都留下活脱脱一个劣币驱逐良币的场面结果人家还公然告诉你我就是要把良币逼上死路第一季尚且还能看到一点点诚意第二季资本方居然如此露骨的喂观众吃屎这想必还是建国以来第一次真应了那句话在中国拍戏拍的不是艺术而是人情世故导演们无视规则选妃的选妃自恋的自恋和稀泥的和稀泥演员比的是流量拼的是资本没人在意演技的好坏主持人捧高踩低看人下菜碟剪辑方也毫无顾忌乱剪一通活脱脱一个微缩版影视圈这档节目最大的意义就是告诉我们真实的影视圈就是这般肮脏告诉我们这才是影视圈乱成一锅粥烂片倍出的原因这节目可别叫演员请就位了干脆叫演员准备撕逼喷子马上出场剪辑开始表演主持迅速站队资本公然喂屎戏精导演大赏,7,
江湖骗子,2020-10-25 02:07:46,10,居然期待过这个综艺能和别的不一样，不过到头来综艺终究是综艺,6,
幽灵蛸科瑞莫斯,2020-11-08 12:01:24,10,演员是否就位了不清楚，但是资本已经就位了。,0,
云节,2020-11-01 08:29:56,10,大型舔狗现场演员请就位✘垃圾请就位✔,6,
susan,2020-10-02 22:04:48,20,啥都要比赛，也是醉了！！马苏也要来参加这样的综艺嘛？！唉，可惜了!!给尔冬升两颗星，敢说真话的人不多,12,
Yo-Yo Hoo,2020-11-07 23:28:46,10,原来陈凯歌是极致版的郭敬明！,5,
粉红色的小野兽,2020-10-03 23:20:42,10,用力过猛不等于演技！！！郭敬明凭什么来评论演技！！！,5,
小点点,2020-10-24 23:16:27,10,前三期还能看个热闹，毕竟也要演的好的，演的不好的能直接说出来。按照100分标准来说，第4期有的个别演员只能说及格凑合，特别是误杀这段，李成儒已经说的很到位了（那个台词节奏，4位导演都以为观众是听力障碍？）4个导演抱团取暖狂夸，结果就胡杏儿有票，前后不尴尬吗？陈凯歌老阴阳人了，前面狂阴阳李成儒，后面又说接受一切评价。tm的你们一个娱乐节目，没有主线剧本吗？,8,
早起的青年,2020-11-01 09:41:57,10,拼演技的综艺都敢这么明目张胆把观众当傻子糊弄了吗？？？,5,
M’attendait,2020-11-22 16:22:30,20,乌鸡鲅鱼这投票就离谱陈凯歌两个第一他配吗？F小调幻想曲全场最垃圾比郭敬明的明星诞生还差什么垃圾剧本一个中年男人写出来的想告诉女人婚姻爱情才是必不可缺的？你在教我做事啊何昶希陈宥维我都懒得说了吹啥进步进步可能演技从负的变为零了吧还是在可以卡的帮助下,5,
失真,2020-11-11 22:56:05,10,皇帝的新衣2,3,
一首日光曲,2020-10-03 19:02:52,30,评价一下，小时代和大闹天竺，纯洁心灵·逐梦演艺圈等电影，属于一个级别，要说小时代是经典，但请在经典后面加上烂剧两字，合起就是《经典烂剧小时代》有不同意的么？,11,
我把青春另存了,2020-11-10 19:42:31,10,心疼李诚儒，这种标榜发现有演技的演员，实际博眼球的垃圾节目，就不该有，建议节目改名《导演请撕逼》！,5,
LionRabbit,2020-11-07 13:32:11,10,劣币驱逐良币，资本公然喂观众吃屎,11,
厂长打烂个蒸钵,2020-10-18 09:51:07,10,哪里找的这么些脑袋空空的僵尸,4,
sunny love☀️,2020-11-15 17:37:43,10,演员请就位？资本请就位！,4,
Pluviophile,2020-11-04 08:31:35,10,唯一的实在人走了，不看也罢,5,
六日同学,2020-10-26 15:08:53,10,本来第一期看了尔冬升的点评还挺期待的，以为导演都这么敢说，看到第四期实在追不动了。李诚儒老师独自美丽吧，讲话客观公正，辣鸡主持暗戳戳拱火，四个导演粉饰太平互捧报团，都在这说好话我看你个屁，难怪现在中国电影电视剧稀烂,8,
ll,2020-11-01 02:39:56,10,恶心吐了，潜规则太多,4,
......,2020-11-16 09:07:23,10,改成流量请就位吧。这个综艺大概是来告诉我们演艺市场有多畸形...,6,
南南,2020-11-15 12:27:59,20,陈凯歌夸人/护犊子水平一绝啊。第二次更新：我不想看了，太欺负观众的智商和审美了,4,
尼玛若木,2020-11-02 23:33:36,10,陈凯歌疯了吧,5,
代数余子酱,2020-11-15 10:25:27,20,这样的节目已经有何意义？本来演员类节目是为了给演技好一直兢兢业业但是不成名的演员一个机会。结果这季请来了一堆想转型演员的唱跳爱豆，明里暗里是想在捧爱豆，粉丝在那里空瓶尬夸也真够有意思的，爱豆好好唱跳搞音乐不好吗？别来祸害演艺圈了,7,
Chanel,2020-10-26 22:49:19,10,尔冬升导的是什么鬼，评委也不敢得罪比自己厉害的人，人都是挑软柿子捏！,7,
Ove,2020-11-10 19:53:25,10,评论这种节目可以说脏话吗啥xXXXXXX真JXXXXXXX恶心心疼李诚儒老师,3,
山山而川,2020-10-26 06:58:16,20,一开始，四个导演，除了小四那张S卡有点二逼，大家的点评都还可以，勉强符合预期，看到最新一期，发现，几个导演开始油腔滑调了，不说实在话了，只有李成儒老师一如既往的说真话，谈想法，还被几个导演挤兑，真是难受，特别是陈凯歌这个货，无非就是年纪大点儿，说话弯弯绕绕，装深度，自己拍的那些个片子，心里没点数？烂片就是烂片，别扯没用的，就没拍过几部好片，说来说去就那部霸王别姬，还是他老爸的功劳居多！有啥本事，就是个表面说话感觉很有文化的假深度人而已！全场最实在的还是李成儒，真实！,13,
LOEWE,2020-11-15 16:02:02,10,从第二期开始越来越虚伪，假透了。怪不得内娱又烂又脏，好作品没有，观众还骂不得。资本想捧谁，观众没资格指手画脚。好演员找不到好活，烂艺人只需要讨好资本方和导演有的是钱。李成儒这个唯一一个说实话的走了，基本也就流量粉丝和一部分好事观众看。资本总是喂观众吃shit，烂导演、烂艺人、资本的天下。观众也很脆弱的！ps，选妃的某导演的粉丝，太脑残了，非正常人的感觉(网络中一女的，身边没有这种脑残),5,
棠梨簌簌,2020-10-31 23:20:22,10,李成儒下次不要来了，让这些烂鱼烂虾自己欢快的蹦跶在一块吧。节目组下次就请小鲜肉和空有年纪的伪老戏骨，绝对比现在还要精彩。大鹏说不知道捞女和海王，要是真的哈！我把郭小四的所有电影在家陈凯歌的无极看完，并且给五星好评！,4,
笑见龙在田,2020-11-07 14:05:36,10,很不错的节目，标题和内容一样，演员请就位。选手，导师和主持人都在演戏（但是很明显选手的演技普遍不如后两者），除了某李姓演员搞不清楚状况，似乎把演戏当真了，还好他退出了。,10,
蓝色雪35,2020-11-22 09:42:10,20,王锵，陈宥维，何昶希演的什么玩意？一路保送到决赛，太恶心了。,7,
大王,2020-11-23 19:31:33,10,这是在强调原版演员有多优秀吗,4,
可爱多多多多多,2020-11-15 23:55:34,10,为什么男演员到了郭导手里都变的gay里gay气,6,
free will,2020-11-04 08:09:46,10,看到陈大导演玩不起的样子真的是太好笑了😊,5,
我行其野,2020-11-16 00:14:14,10,众筹郭敬明拍耽美腐剧，你不合适谁合适。,0,
林中见雾,2020-11-15 15:47:17,20,改名资本请就位叭,6,
江湖骗子,2020-11-01 01:44:04,10,陈凯歌导演大发善心怕郭导孤单，从容不迫地跌到马里亚纳海沟陪伴郭导走完节目前半生，归来仍是热爱世界大和解的热血少年。不过赵导和尔导都觉得此举与陈导无关，一致认为是海沟的基本功有问题。,5,
虾几,2020-10-24 23:56:55,10,对演技差的公开处刑，建议改名《导演已就位》不过里面的食物链也挺明显的，导演开始导戏之后不可说了，导演戏比演员还足,6,
兔恰恰,2020-10-15 15:22:30,20,尔冬升可太装逼了。本来就是刷到了片段去看一下的，看完了简直好笑。陈宥维确实不行，但是尔冬升炮轰偶像一点意义都没有好吗。这是一个产业结构的问题，要是不懂麻烦闭麦，刁难一个小偶像算什么……怎么对着王一博就那么舔呢？王一博演技很好咯？还说古装剧xx，麻烦看看你拍的邵氏电影吧，你很有演技？无语，什么破节目。赵薇过分注重个人喜好，业务方面也没几句有用的；郭敬明分析剧本逻辑还能听下，业务指导全都摸瞎。李成儒少一点装逼的样子还能叫他一声前辈。只有陈凯歌的点评能听，说的也句句在理。说白了，请来的四个导演，只有一个是专业导演出身，有两个演员转型的，还有一个就是有钱任性。这三个自己都没啥水平，拍的电影什么样子心里有数。也不知道有什么好骂别人的。不是为了任敏陈凯歌，第一期都看不下去。麻烦营销号别乱推了，难看极了。,3,
ROBIN龙,2020-11-01 09:08:24,10,就这?第一期值得四星，但到现在，一星我都觉得多，啥破表演都可以夸?演的是啥啊就能被夸?炒热度炒疯了?,5,
Verna,2020-10-19 00:09:27,30,看到目前为止最舒服最完整的一场戏就是《梅兰芳》了，温峥嵘老师和黄梦莹姐姐两个人的气场好合适。温峥嵘饰演的福芝芳的台词是舒缓的，但是眼神却是凌厉的有攻势的。去年参与录制另一档演员竞技节目时有幸和温老师一起工作过，看她排戏时就被她那种强大的气场，投入的状态吸引，她能把自己完完全全的交给那个角色。希望未来能再看她演一部大女主的作品。,5,
Z,2020-10-25 00:56:48,30,导演间的互怼演员的作秀节目只是在搞些噱头吸引关注度失去了初衷我们这些爱电影的观众啊想要的只是一个只讨论演技的节目啊,5,
biubiu,2020-10-29 10:56:19,30,大鹏观感太差。,2,
石头,2020-11-04 04:19:11,20,给陈凯歌：无极就是不好，白昼流星就是全片最差单元，你导的误杀就是拖沓让人想快进，甄嬛传就是很差劲。,7,
已注销,2020-10-16 19:50:35,10,喜欢尔冬升，但郭敬明让我太有恶感了，可以想象如果以后的影视市场都是这样郭敬明的人，以后的影视作品会是什么个水平,4,
孤单的独白,2020-10-11 16:25:33,40,第四期改评价了四星,0,
Breeda A.A.,2020-10-14 12:39:13,50,天朝综艺还有比这更带劲的存在吗？撕逼战队拉偏架，郭敬明自杀式送命，不看太亏了。,3,
法外之徒,2020-10-03 16:19:46,40,按照市场评级/观众喜爱度决定作品选择权浪姐和明四早有尝试可惜都局限于人气与实力不对等的争议一味质疑其合理性却忽略了现实正演绎着更残酷的丛林法则演员二是唯一深入现实层面在台面上探讨问题的当片方话语权被移交给观众有代表作、国民度的演员始终拥有更多的机会选择适合自己的角色将其诠释好的概率也更高从而获得更多资源形成马太效应否则将很可能找不到合适的角色在职业生涯里频频滑铁卢但演员赛制优于选秀的一点是S级演员受到的关注度较高导演和观众的期待也更大一旦无法保持稳定、优质的表演就会瞬间跌入谷底B级演员也不至于还没被观众记住就一轮游//导演比演员戏多台下比台上戏足演员还就啥位？改「导演请就位」得了//目测最需要的其实是「编剧请就位」,2,
我屁股有洞,2020-10-31 23:47:15,10,可拉倒吧太恶熏了,5,
挖掘机铲喷子,2020-11-15 16:53:02,10,太恶心了，一帮人在捧臭脚，说这是个比拼演技的节目就是个笑话，拜拜了，你们自嗨去吧，祝郭敬明每部作品都扑街！,4,
有钱的人真帅,2020-11-10 20:57:57,10,我已经七八年没有看综艺节目了，其实是无聊点到才看的，四个导演最喜欢赵薇和尔冬升，不过这个郭敬明就tm的离谱，s卡都给了啥演员，选的阵容像是要拍小时代5，各种谜之操作真是很难让人不黑他，陈凯歌后面也是化身驰名双标，容不下别人对自己的批评，编辑水平烂的一批，后面各位导演也是互捧很恶心，而且这个节目对流量包容也太好了吧，对演的好的反而低不好的一等，还看流量影响力大就对谁好，不过想想毕竟是综艺节目也就当乐呵乐呵，弃了弃了,4,
#小软软#,2020-11-16 11:36:39,20,从网上的剧透看，李成儒退出，新人进入决赛，老人几乎全部淘汰。节目之初所有的真实与犀利，都逐渐被揭示不过是节目效果和先抑后扬的捧人套路。,3,
东久半,2020-11-10 18:41:15,10,看了这个综艺之后我终于找到国产影视烂的根源了，根本不尊重艺术，我看到的更多是资本强行喂食和互相舔屁股站队的圈子文化，就郭敬明陈凯歌这种家伙在圈内还想拍出好东西？不否认陈凯歌曾经牛逼过，不过现在的胸怀真的就跟个怨妇一样，郭敬明就不说了，一直就那烂样，搞笑的是这节目还给人感觉在洗白郭敬明，说了一大堆貌似政治正确的话也掩盖不了他根本没有导演才华的事实，对了，一星是给李成儒老师的，这个节目配不上他，或许我不该给综艺打低分，毕竟问题其实出在里面参与的嘉宾和评委身上，他们倒是真实的呈现了影视圈的这种现状,6,
Doudou,2020-10-11 17:50:02,30,三星给节目，话说可以让郭敬明这个烂片之王早点滚吗,7,
icon,2020-11-16 23:19:56,10,这节目不是看演员飙演技是强捧爱豆来的吧？演技为0情商为负的几个爱豆确定不是来招黑的？陈宥维和何昶希演的都什么玩意？还有本来不认识孟子义这个糊笔好家伙看了她对袁咏仪的态度直接恶感爆棚这种毫无演技乱改妆爱撒谎不尊重前辈没礼貌的🍵⏱滚出演艺圈好吗？好了连唯一一个敢说真话的李诚儒老师也走了，这节目也没看点了🤗,4,
豆瓣好吃吗,2020-10-10 22:56:47,30,我真是烦郭敬明，他有什么资格当导师，小时代吗？真没想到辣目洋子演戏这么好，被喜剧耽误了！11.22评分不断下降，也在意料之中。后面郭选河，陈选陈，这tm完全是选与自己有关系的人啊。（还有公平吗？）不得不说，我觉得大鹏的《花木兰》拍的真好！,0,
LongshuX,2020-11-14 22:59:03,10,演得垃圾的一直能得S卡,4,
烂剧有毒,2020-10-11 23:58:21,10,一档完完全全娱乐性的综艺，感觉就像一场闹剧，郭敬明导演导过的影视作品，有一部算一部，全是流量烂片，搁这对一些优秀的演员评头论足，毫无专业性地乱发s卡，把好好一个节目整成了选美大会，再加上一个起了争执不知道打圆场站队挑事的蠢货主持大鹏，真是有够恶心的,8,
anti,2020-10-26 10:59:03,20,误杀这么尬竟然被导演们说成全场最佳可能跟我不是艺术家有关当搞笑节目看吧,7,
有人喜歡藍,2020-11-15 01:16:34,10,上一季李少红倚老卖老，这一季变陈凯歌了，水平下降成那个样子估计心里还在想手捧金棕榈的时候吧。这一季总体短片都不好看，粗制滥造，剧本被节目组操控，导演丧失了自主权，纯粹为了迎合冲突效果制造热点。最可恶的是选演员没有底线，节目的初衷已经被金钱所捆绑,3,
goldlya,2020-11-15 13:18:50,10,真是尴尬的不行,5,
魔鬼弯道,2020-11-23 17:52:10,40,★★★★☆四星全给赵薇的《剧场》，《昨天》。本来看这个综艺就没想过来豆瓣打分，之前觉得不值得打分，但是看见赵薇这么牛的导演真的特别惊喜，既然看过，就要来表达我的喜爱！,5,
梦飞扬,2020-10-06 13:34:03,40,第二季换成尔冬升导演，多么明智的决定，感谢节目组，因为李少红其实真的很烦尔导的到来提升了专业的水准，凯哥导演一如既往的贴心，郭敬明导演的弟子任敏也开始发光发热,2,
Rita,2020-10-25 10:18:12,40,就喜欢李成儒老师，有的批评的还是太浅了,7,
萱芽开翠颖,2020-10-26 06:19:29,10,打着演技旗号行炒作之实，真实地被演技类节目给恶心到了,4,
趙豆豆,2020-11-15 20:42:11,20,导演的诞生。,2,
Rainbowlue℃,2020-10-30 22:16:59,30,还行吧，但大部分演员演技的确很尬，很多片段令人如坐针毡，如鲠在喉😂。但是还是有几个演员很优秀的！尤其是年轻演员任敏的确不错，未来可期。希望拓展些戏路吧。,3,
彼得泰格,2020-11-23 19:34:37,20,弃，这季废的彻底，白瞎了实力演员和苗子，从上季策划偏差起飞，一路狂奔给资本跪。挖的不是演技，是坑；剪的不是娱乐，是智商；卖的不是情怀，是会员vip。好一似食尽鸟投林，落得个胖墩墩综艺真矫情。,5,
青鱼,2020-11-01 09:24:01,10,尔导话很狠，但是行动比所有人都仁慈……想给陈宥维S，是咋想呢？郭敬明连给两个s卡，可能脑子秀逗了吧？曹骏什么时候变这么帅了？好喜欢啊！而且好温柔的感觉。,0,
Gen,2020-10-14 07:11:11,10,郭敬明配做导演陈凯歌都看不下去了,5,
豆友191679544,2020-10-26 18:39:18,10,我曾以为郭敬明是我的底线，现在我才发现原来是陈凯歌…为什么非要选《无极》选《回家的诱惑》呢？安安静静选个《霸王别姬》好好演戏不好吗？内心龌龊就受着这一星吧,6,
Cheer,2020-11-14 23:57:44,20,可以停了。,4,
小北,2020-11-03 18:16:43,10,都不敢说真话了，说真话的人还被阴阳怪气的人怼，垃圾节目！大家远离！,6,
暮然回首是吃货,2020-10-31 22:29:45,20,看到陈凯歌给甄嬛传的果郡王A，还是弃了吧…,5,
碾,2020-11-15 09:07:28,10,绝对内幕。演技好的老演员大多淘汰，没演技的年轻演员大多留下来。郭敬明赵薇没啥水平。陈凯歌点评能忽悠，导的却不咋样。,3,
一块草莓小蛋糕,2020-11-23 17:57:50,30,本来期待值蛮高的，越来越让人失望，话说小四真的不是看脸发卡看脸挑人吗？？？,2,
桔次郎,2020-11-17 20:39:58,30,尔·吃瓜不嫌事大·乡村爱情都看过·冬升❤️赵·圆滑待评委·严格喷演员·薇❤️郭·赶紧爆炸吧·敬明❤️陈·老阴阳人·大号郭敬明·凯歌❤️李·老实到被怼退赛·诚儒,2,
是大河,2020-10-02 20:18:00,20,剪的乱七八糟，演员半天也不就位，就在那里磨磨唧唧说个不停。。。,8,
Grape🍇,2020-11-01 09:05:20,10,追到第五期，真的快追不下去了，演得都是些啥的人晋级，资本后台才是最重要的,5,
保护视力,2020-10-18 19:01:22,10,郭敬明凭一己之力把这节目的水准拉到一文不值就尼玛离谱阿猫阿狗的流量争着去当演员就是劣币驱逐良币吧是吧是吧,5,
无人应答,2020-10-12 09:43:59,10,这个节目除了炒热度，无论在价值观或提升演员演技上都没有任何正向推动作用。恶心。呸。,4,
JoniJerry_HJN,2020-10-29 12:53:10,20,在扯淡，所有导演都在讲台面话，到亮卡片就他妈说心里话了，李成儒在关注的角度点评才是在讲真话,3,
胖子印度朋友,2020-11-07 23:13:53,10,一场闹剧，一坨狗屎,3,
QQS,2020-10-03 00:50:56,10,“演员”,7,
陶阡陌,2020-11-01 20:43:22,40,陈凯歌看似儒雅不曾想气度跟针尖儿一样老阴阳师了-。-,5,
Totoro,2020-10-25 20:11:29,10,只有李成儒老师值一颗星,6,
全世界失眠,2020-11-13 17:47:45,10,请小4就是为了看现场battle增加话题性吧……几期看下来小四老了就是陈凯歌吧不仅导演的差还双标其他导演在那端水主持人持续绿茶就李诚儒一个正常人也被他们逼走了真一出综艺剧本秀,4,
炸毛兔,2020-11-05 00:10:08,10,安能摧眉折腰事权贵，使我不得开心颜！！从导演到主持人狂怼李诚儒，尬夸陈凯歌，生捧演技烂的那几个！资本确实了不起。恶心🤢（从第一季看到现在，不想继续看下去了，重复一遍主持人真差劲！）,6,
大头,2020-10-05 21:38:58,10,郭敬明真是很讨厌，割韭菜的赵薇、虚伪的陈凯歌、扮猪吃虎的大鹏,1,
冷暖自知,2020-10-11 17:16:23,10,节目很好，一分的原因是郭敬明和几个所谓的鲜肉。国内已经充斥了大量的团类综艺。我是没想到演技这一块也要来凑热闹。于我不评价。他至少没让我出戏，何是什么鬼？我觉得肖战应该好好感谢你。在你的衬托下，让我知道了没有最差只有更差。你坐在那里不尴尬吗？！？还有郭敬明。我对他只有一句话。这不是你的后宫选妃子的地方。做个人吧。,6,
Grey,2020-11-08 01:13:33,10,直奔话题与炒新人的下三路,4,
桃芷音,2020-10-24 22:40:09,10,垃圾节目，搞事情,6,
你真可爱ớ,2020-10-03 05:40:58,40,规则比第一季好，还蛮喜欢尔冬升导演的，说的话都是我想说的,9,
你的怀抱杀,2020-11-01 08:28:03,10,粉丝就自嗨吧,5,
正义B胜,2020-11-16 12:29:31,10,我们的影视圈是怎么一步步堕落至此的，都在这了,4,
younaluo,2020-10-17 02:11:03,40,这个节目最大的成功之处就在于，小四在这么多年经营拥有一定决策自由之后，终于不再滴水不漏的讲话，而是现身说法地告诉所有人这个冷酷的真相——专业也好演技也罢终究比不过那个拥有决定权的人的一句喜欢。而小四令人钦佩的地方就是真实地贯彻自己的审美，让这个综艺节目成功吸引到更多点击量。他是一个成功的商人。李诚儒是无法打败小四的无论他有多专业多犀利。小四代表的是资本市场的真实认可。资本的力量目前只有政府这只手可以稍加控制。而资本选择的原罪却需要大众的庸俗审美和欲望来背负。这是李诚儒代表的精英文化的失败。,3,
朱古力,2020-10-15 04:37:33,20,李诚儒老师太惨了，总是被当枪，误杀这个片段他就说了实话，导演们互相抱团杀，我觉得主要还是凯歌导演不适合不尊重类型片，并用错方法对类型进行莫名升级但又不承认不合适，并最终转嫁在表演上，这其实也是另一种特权霸凌。误杀以后对凯歌导演的尊重只能停留在霸王别姬了，大概老前辈始终是无法接受自己那套不是放在任何领域都成立，你一个摘帽假定性靠你自己说硬塞给观众，观众对不起，不吃。以及与综艺同谋教戏的优点，架不住这么多年养尊处优，始终站在高点，但作为导演，作品扪心自问，对不对得起您说的道理，理论和实操，所拥有的资源和实效。这些旧东西该结束，不该硬留,0,
醉饮狂歌,2020-10-12 20:08:58,10,郭敬明凭一己之力拉跨整个节目,6,
Sad Lucy,2020-10-05 20:29:10,20,看得我直犯恶心,3,
squaror,2020-11-21 23:35:41,10,喂观众吃屎的节目，摆明了捧几个sb鲜肉，还要硬生生贬低一堆老演员，李成儒走了之后都成了鲜肉夸夸群，面目可憎令人生厌。可惜几位有实力的演员受到了负能量的摧残。如同吃了苍蝇一样难受。,2,
蜗牛然小九,2020-10-26 17:36:45,20,看你们商业互吹我真的难受，给李成儒老师点赞,4,
有心打扰,2020-10-03 03:09:57,20,每次四位导演亲自下场操作之后…就变味了。开始各种拐弯抹角、强行令人尴尬地夸、强行令人尴尬地发表不同意见…太恶心了。,1,
金智秀,2020-11-04 01:47:11,20,重新让我认识了陈凯歌双标👍🏻,6,
豌豆🍀,2020-11-04 16:30:31,10,把李成儒这一个唯一敢说真话的逼走了，还有啥意思？说到底还是劣币驱逐良币,4,
梅心晴,2020-10-28 00:12:47,10,一星给李老师，只有他是个老实人。这个节目，重新定义了大鹏和陈凯歌在我心中的形象。一个比一个精彩。还是洪晃看的透彻啊。文艺外表包装下的资本至上，枉我还真以为他是个艺术家。最真的只有李老师，做自己。,8,
平成宅叔,2020-10-12 10:48:12,40,陈凯歌真的是出口成章的那种文人知识分子，点评面面俱到，谈吐一气呵成，但是郭敬明的出现和不太专业的主持人把这个节目的level拉低了。,3,
忆君心,2020-11-04 08:15:03,20,把观众当傻子？,4,
茶言茶语,2020-10-29 12:30:52,30,这综艺从看演员改成看导演了。李成儒被怼的呦，他在娱乐圈这么多年，还怕听这话吗？我看他还当dj搓碟，挺潮的啊，有的导演这几年的作品，商业不商业，艺术不艺术，一言难尽。,3,
讨厌小芒果,2020-10-31 23:19:07,20,中低开低走流量至上无趣,3,
zz翔翔xx,2020-11-05 14:44:44,30,那个什么主持人大鹏比张大大还恶心！,4,
Miss料,2020-10-10 22:58:52,20,本来是想看专业演员们飙戏，这来了一堆演技为负的人，郭敬明还给了s？？？？？我他妈直接迷惑……还是微博看看片段吧，别浪费时间了（但尔冬升导演好敢讲哈哈哈哈哈哈，我要给他两颗星）,7,
皮皮蚪,2020-11-15 00:03:45,20,前面几期还是不错的，每期更新都会第一时间追着看，后面看多了就觉得枯燥无味都是一个套路，现在已经完全丧失了好感，第七期几乎是全程拉着进度条看完的，不想再继续了,5,
此木久难鸣,2020-11-09 23:09:02,40,虽然这综艺争议很大，但仍要说，可看性很高，因为导演点评干货是真的多。幻乐之城里的王菲每每点评都老说一堆套话废话，而这边不说尔冬升的犀利了，赵薇都能冷漠而平静地输出干货点评，对演员表演后的做作也能毫不留情地戳穿。,1,
瑾乔丶,2020-11-03 14:23:46,10,啥几把东西？陈凯歌不愧是老阴阳人了，节目里公开人身攻击李诚儒，我愿称之为霸王导演之小肚鸡肠，跟大鹏一起挤兑人家李诚儒，真是助纣为虐，蛇鼠一窝。你要做节目，要么就请过来的全是实力派演员，让强强对决，要么就请过来的全是转型小鲜肉，做养成类节目，踏马的一堆演员里放几个长得好看的偶像，然后名次还比人家实力派演员高，我真的是看不懂，就这也配叫做发掘实力派演员的节目？少恶心人出来冲kpi了好吧？,9,
阑瑟。,2020-10-25 00:28:05,10,为了炒作太没有下限了。挑了个没背景最好欺负的唐一菲，拉人进节目一刀刀凌迟。难怪前几期那么剪，真是恶心啊。,5,
黑巧苦不苦,2020-10-24 23:35:14,40,陈凯歌没气量。,4,
i逗,2020-11-14 23:56:12,20,郭敬明的部分我都跳过了还是跳不过他的恶心🤢,4,
咋地啊红爷,2020-11-10 19:58:01,10,恶心至极,3,
_wwyyxx_,2020-11-15 00:47:06,10,好多年轻的男男女女我都不认识，还要去百度一下谁是谁，演了啥。艾西，有的人的演技是真的……,3,
青春留下的散文,2020-11-03 09:27:33,10,缺德的节目组，为了热度，不择手段,4,
小A,2020-11-04 14:33:51,10,李诚儒退出了！陈凯歌有点儿阴狠，没有大家风范,5,
Norn,2020-10-25 03:02:48,10,《误杀》四位导演尬吹+狂怼李诚儒真的是恶心到了，节目组也是不把演员当人啊，让唐一菲演艾莉真的是服了，还好人家退赛了退得好我觉得，这部综艺我弃了大家随意两分给一些演员的努力和李诚儒的认真点评，（何昶希是哪里来的脸拿S啊）其他的没有要评的了,4,
飂,2020-11-04 20:20:04,10,这颗星是因为李老师，否则就是零,4,
林怡兴,2020-11-11 01:05:27,10,小矮子技术不行嘴巴挺溜，小凯子技术不行嘴巴更溜。,4,
空阒,2020-10-11 17:17:38,20,郭敬明不如开个综艺选后宫好吗把李诚儒换上来不好吗,4,
🦓粉丟丟,2020-11-14 23:10:47,20,弃了弃了，最多看施柏宇cut。太做作了。。。,2,
蒲末释,2020-11-02 01:03:32,10,应该叫《演员请离场》。,4,
没看我忙着呐,2020-10-16 22:51:31,20,如果只能踹一脚的话，是先踹郭敬明还是大鹏，真的很难选,4,
叶知秋,2020-11-17 19:22:15,20,郭敬明和这节目完全就是互相成就，你要流量，我要洗白，一拍即合。为综艺效果加一星，吃瓜群众就是这么无聊。,1,
Yxxom,2020-10-04 23:29:23,40,看这个节目只想看尔冬升怼人hhhh一针见血,2,
缄默,2020-10-11 01:30:12,10,郭敬明的指导水平和作品质量也能和其他几个评委坐在一起？就冲这点这也是一个一般至极的节目。,7,
山楂锅盔,2020-11-04 17:47:45,20,完全感受不到对演员行业和竞技规则的尊重,4,
杂粮粥,2020-10-25 03:06:28,30,导演能别互相尬吹了嘛？这一期没一个看得进去的片段,3,
豆瓣屿安年,2020-11-02 22:43:20,10,可怕的是看完最新一期我觉得陈凯歌和郭敬明是一路人,6,
沛沛,2020-10-03 07:54:07,40,比起B级演员的逆袭，更想看S级演员的打脸,6,
[已注销],2020-11-19 11:04:47,10,看了几期发现自己跟导师对“演技好”的看法经常不一样。后来看了各种解说才明白这节目哪是在看“演技”，是在玩“人情世故”呢。台下的戏比台上精彩👏👏👏,4,
衷爱小冯仙女,2020-11-04 09:23:27,10,辣鸡。劣币驱逐良币，陈宥维跟个zz一样也能连续晋级，呵呵,5,
migrantsss,2020-10-16 23:44:20,10,郭敬明还以导演的身份参加节目就说明了节目组对资本的无下限跪舔,3,
mine8860,2020-10-09 08:27:54,20,四个导演三个不说话并不是他们并不是他们不知道，而是不愿意得罪人，坏人让尔冬升来做。节目组靠消费尔冬升出圈，像极了演员的诞生的章子怡，但章子怡马上就明白了。希望尔冬升也马上明白吧,4,
昂昂,2020-11-15 01:42:08,10,听说郭敬明的片子代表了市场？？？？那这个“市场”真是病入膏肓……,4,
焦糖树,2020-10-05 20:25:28,40,尔冬升导演好可爱，讲戏的时候严厉认真，私下又很温柔，给张大大签了名还画了颗心的举动戳到我了～,5,
Vi,2020-11-15 09:24:22,10,郭敬明真的恶心到姥姥家了，他这种人的如鱼得水其实挺反应业界生态的，就是这么明目张胆地告诉你不公平，你服不服,3,
花椒面,2020-11-17 20:10:59,10,何昶希这种都能一路说自己配不上一路拿s卡你们就知道这档节目有多么可笑了,3,
夏雨天,2020-10-17 00:40:29,10,因为郭敬明，所以弃剧了。前面还说“如果我要拍片，我不会选他（何昶希）。”一会儿又说“我要和他（何昶希）合作。”前后说话就是自相矛盾。矛盾的地方太多了，一开始尔冬升导演要发S卡给演技不好但想培养的人，郭敬明的意思是S代表了我们（4位导演）的标准，但到了自己发卡的时候，就啪啪啪打脸了。只想说，郭敬明的发卡真的对别的优秀的演员很不公平！希望节目组能考虑下选择导演的标准，一个靠资本加持获得票房的导演，为什么可以坐在这里呢？！,4,
思潮,2020-11-07 23:17:38,10,容不得真话的垃圾综艺，同时让我们看到国产电影为何如此烂的根源！,5,
拉米米,2020-11-15 03:03:18,30,看了画皮，郭敬明拍戏就像工笔画，故事线都为审美让位，像是为了画面拍电影的。当然会有各种诸如立意不高逻辑不畅拍啥都像幻城的局限。但是想想又觉得，活在他的美丽世界里应该不错哈哈哈哈。几位小爱豆，演的痕迹还是重，道阻且长啊！,1,
Wordsworth,2020-11-15 00:05:16,10,可以打负分的综艺恶心人的司马玩意一群人舔着陈凯歌我怎么会花时间看这种东西吐了,4,
奇爱学士,2020-10-12 18:46:25,20,看郭敬明在线找对象和挨骂挺开心的,5,
丿游园惊梦灬,2020-11-10 22:02:26,10,公然喂💩。打五分的应该很爱吃这一口,4,
菲比阿曼达,2020-10-31 18:37:30,30,越来越收窄的节目初衷,1,
泠河🌊🌈,2020-11-16 20:26:15,30,黄奕真的是个蛮可惜的演员。曾经多么辉煌，资源超好。上错花轿/女驸马/卧虎藏龙/还珠格格/风云雄霸天下，和小田切让合作的电影也还行。影坛萧亚轩了可以说。,0,
Luu,2020-10-25 12:35:32,20,节目组骚操作满点，回家的诱惑实在恶心人，多一颗星给李诚儒老师，已弃,6,
陌starry,2020-11-16 00:23:57,20,真实地展示了导演失去审美和演员失去信念是多么可怕的事情。,5,
不是你的喵,2020-11-15 03:13:08,30,失望！！第一季我是给全5星的！！！,1,
7%,2020-11-26 03:35:46,10,夸陈凯歌在这个节目上表现的，麻烦有钱一起赚，谢谢,3,
百年树袋熊,2020-11-15 13:24:13,10,好傻，好假，拍个跟屎一样的东西，却美其名为及格，艺术创作，好就是好，不好就是不好，没有及格之说，听了及格还长舒一口气，抱着拍及格的态度拍电影，观众可能只能得到零，李诚儒老师不在就没人说真话了，没有任何意思。,6,
guai shou,2020-11-10 19:40:50,10,啊，这…不会吧，不会吧，现在居然还有6分…,3,
秦明法医,2020-11-23 19:34:52,10,李成儒逃跑是对的，辣鸡节目不配。,3,
萧平旌,2020-11-14 23:19:24,20,被性转画皮恶心到不行，闭眼夸，傻X吧！,4,
诗与旅人,2020-11-15 17:36:21,10,这还不到十期就开始尬吹了，没有人再说真话，一个个才20多岁就被称为老师，无话可说,2,
xiao棒,2020-11-05 16:45:03,10,又是一个资本的节目。垃圾,5,
。。。,2020-11-18 13:23:06,20,想捧谁都摆在明面上了,4,
心有所喜,2020-11-07 23:40:15,10,就冲着隔三差五的吹捧分析小时代，这个节目就没有看下去的必要了。这就是秀，这就是內娱崩坏现场。,3,
隐居着,2020-11-03 16:25:52,10,选那些演技辣鸡玩意还大道理一通通,5,
不爱吃肉,2020-11-21 23:30:45,20,这个节目真的太无耻了，完全就是一场资本和导演个人取向的游戏。几个导演都不同程度的有些令人咋舌的地方。今天这期陈凯歌非常令人惊讶，为了给自己的戏铺路狂骂另一个撞型的戏。人物转变没有动机？结果自己的原创剧本这个问题更明显，且台词毫无力度，休息一下吧再搞就晚节不保了。,5,
凛冬,2020-10-18 10:17:13,10,演员请就位×后宫请就位✓,3,
cathineer,2020-11-01 07:59:05,10,什么演技高低，就是资本的游戏。当毫无任何基本功的他说出“为了这个节目的准备就是每天给自己加油打气”的时候，我就该放弃这个节目了。越吐槽越是给别人送kpi，就放弃了，难受得令人想吐,4,
安灵广殇,2020-10-25 02:42:10,10,垃圾,4,
zz,2020-11-15 01:16:46,10,别再有下一季了,3,
蓝抑郁剂 Lily,2020-11-22 18:52:12,10,又名“爱豆请就位”，爱的鼓励S卡,0,
小兔根,2020-10-27 19:43:24,10,心疼成儒老师。看陈凯歌就知道中国电影没救了,6,
Apollonia,2020-11-12 13:23:04,20,公费恶心人，yue，多一星给已经离开的李成儒,3,
梅岭藏殊梅长苏,2020-11-10 15:29:17,10,什么垃圾节目，真恶心,1,
月宇,2020-11-18 04:10:40,20,作品不怎么样就是制作低级drama。就是包装高端的新老娘舅,1,
野蒜,2020-10-10 23:36:44,30,演员请就位第一季找金靖第二季找辣目洋子第三季没道理不找张可吧！求求郭敬明不要再说情理之中意料之外这句话了。幕后美术比较牛逼，搭的景都好真。,0,
长于春梦几多时,2020-10-11 18:37:57,30,整体来说还可以，只是郭敬明的间断性失常让人很无奈，大鹏作为主持人表现欲是不是有点太强,3,
甜,2020-10-28 15:48:49,30,李诚儒太惨了,2,
花渡紫陌,2020-11-22 15:21:23,20,万万没想到，今年最好的《花木兰》竟然是在一个综艺上拍的，竟然是大鹏拍的，竟然是花了两天时间拍的。,3,
山寺桃花,2020-11-15 21:11:48,10,就第一集能看,2,
芳心纵火犯,2020-11-07 23:36:44,10,节目组总是搞噱头炒作感觉是个选男团的节目乌烟瘴气,4,
小泽,2020-10-11 10:11:15,40,郭敬明你可闭嘴吧，瞎给S卡，看着就讨厌,3,
wcm960723,2020-10-13 21:10:34,20,两分我给李诚儒老师。一分扣在郭敬明，一分扣在大鹏，一分扣在张大大。,7,
大狼,2020-10-26 01:38:08,20,误杀结束后演员和导演捧臭脚的那段真把人看恶心了,6,
李芃,2020-11-01 10:43:03,10,真是看清陈凯歌这个人，心胸狭窄，诡辩能力也极强。大鹏也滚吧。跟陈凯歌一比郭敬明反倒没那么讨厌了,6,
Lunar C.,2020-10-03 00:56:00,30,EP01观感不错，就是分级试图把演员数字化和标准化，但是这个数字化的过程不科学。张大大挺典型的斯德哥尔摩症状出现了，根本上在于没有学会放下和受不了他人的批评。三生那个片段男演员豁达的回话超出对他的刻板印象，少年片段男女演员可能会成为一生的朋友，也可能会变成一段孽缘？总之幕后的故事，人和人之间的化学反应，挺精彩的，甚至精彩过了演技本身。,0,
超搞笑级的？？,2020-10-17 22:15:20,20,老派综艺，现在的综艺节目都是一副“爱与和平“的画风，即使是之前的有嘻哈，还会包装一个“diss”文化来掩盖其放任撕逼的现实，就这个节目，真的明着告诉观众“什么专业，什么产业，我们就要靠撕逼和恶心你上热搜”，你看那些真的演得好的人有谁记住吗？没有，你只记得郭敬明和他的后宫，你只记得口罩小偷张大大，你只记得看碟下菜的大鹏。我还想对郭敬明说:那些好好演戏的人你叫的上名字吗？你只在乎你自己,1,
大熊,2020-10-12 09:45:31,20,从演员阵容来说，这一季明显不如上一季，拉来那么多爱豆感觉像凑人数。第一期的市场评级标准也很矛盾，看着是谁当下比较火就谁去S，但是娄艺潇除了《爱情公寓》再无其他作品，依然占了一个S席位，更诡异的是杨志刚和温峥嵘，都是戏红人不红，也都有代表作品和角色，为何一个在S一个在B。本季最大的亮点是尔冬升，真的太敢说了，全是实话。郭敬明看着话题被抢去，赶紧作妖，不知道他是不是完全不懂演戏，但真的确定他是个骨子里自卑的人。本来何昶希作为没有经验的新人，大家还是包容他不会演戏，郭的操作放大了他的表演。让他招黑。大鹏这主持也不太行，太拘谨了，也没有表现出幽默感，更是公开战队平息争议。不合格。,4,
阿花花的sp,2020-10-03 23:48:48,30,作为综艺，有话题有冲突，剪辑暂且不骚，但选择的比赛作品有的有点鸡肋，同类型作品重复；赛制虽然有点意思，但希望后面不要成为节目谈资的牺牲品。尔冬升或成本季最大赢家。李诚儒依旧毒舌，但是言简意赅恰到好处，只针对业务能力，不做无谓人身攻击，好评。至于评级割裂感可以理解，又要演技又有市场的基本上都在各影节终身成就奖那一圈了吧。,3,
窦腐乳,2020-11-15 20:04:29,20,灾难，最后一次看了，看这种毫无营养的东西简直是浪费时间。,2,
Ruby酱,2020-11-14 23:51:50,20,明明是选演员，结果都是为了看导演们吵架。小四学诡辩/偷换概念还是玩得溜；越来越讨厌陈凯歌，双标、明嘲暗讽、言行不一，演员尬演，他非硬夸，看得反胃；赵薇反矫达人相当圈粉；大鹏这个垃圾主持，是主持界的绿茶婊；日常心疼李诚儒老师，最认真最诚恳却被逼到退出。弃综了！,3,
mu ma～,2020-10-16 23:35:13,40,看之前我告诉自己尊重每一个人发言的权利直到我看到了小丑在台上台下手握权力的评委可以凭自己的喜好随意去发出一个大家拼尽全力想要的S郭敬明你可闭嘴吧你的存在只是在证明如今资本才是王道而不是存在即合理但是节目无错,2,
woody,2020-11-15 03:18:17,20,从一开始的全部看，到后来的跳过表演直接看点评，到现在导演之前互相敷衍的点评也开始跳了。郭敬明真是制造热点的小能手，挺好奇晴雅集之后能不能咸鱼真翻身,1,
磨洋工了吗？,2020-11-02 15:04:32,20,对陈凯歌好失望，他的浪漫主义是用错了地方吗。比如误杀里的两位母亲永远不可能和解，雍正也永远不可能是什么痴情男子。跳着看完上周那期之后，感觉这节目已经乏力无亮点了，毕竟没有人会和钱与面子过不去嘛。,5,
快乐吃瓜群众,2020-10-03 00:31:29,50,从综艺角度，尔冬升导演太厉害了，哈哈哈哈。一开始演员分级也很精彩，就是演员本身差太多。司命好惨为啥是B级，哈哈哈,6,
满岛光粒子,2020-10-04 20:47:16,40,也太好看了吧！看完第一期的下集预告简直希望12期连播😂,1,
浩子菌,2020-10-17 15:24:56,10,本季最大的也是唯一的亮点就是尔冬升导演了，毕竟是港片辉煌时期的代表人物，点评一针见血指导更是身体力行的实在，很让人信赖。最惨就是李诚儒了，被所谓的主持和所谓的导演各种内涵和当刀子使。本季最恶心就是陈凯歌和大鹏了，太各种损招各种踩地捧高的。,1,
放荡土豆,2020-11-24 02:08:13,10,看到郭拍出一部又一部翔大家还得尬捧尬吹的时候，感叹的是现在的电影市场好这口的人竟还不少？！,4,
梅土豆,2020-10-02 23:45:33,30,演员的表演味同嚼蜡，部分原因是演技本身，另一方面是节目本身的缺陷，从剧本到排练再到呈现整个流程，也就陈凯歌和尔冬升的点评值得一看,8,
90,2020-10-10 11:18:34,30,尔冬升毒舌很有看点，恶作剧之吻拉丝让人印象深刻，郭敬明作妖成为看点，越是往后看越觉得其实说得再好，不选你也没用，这个评价真的很见仁见智,0,
坂口健大郎,2020-10-10 22:49:56,20,太尴尬了……应该不会看下去。首先这种节目的形式就不适合考察影视表演，连他们自己都说了，没有镜头就很生硬；本子选得也难说，的确好的本子是稀有的，但在这样的节目里不应该拿真的好本子去给演员演吗，本来就讲不通的情节人物，难为用演技去说服人……至于几个导演的争论，点都不一样，凑一起瞎掰，这节目组赶紧散了吧……/嗐，本质就是捧那几个流量嘛,2,
塔格利安完蛋了,2020-10-04 05:07:20,40,每次尔冬升都在说实话，怎么，娱乐圈听不懂吗，我看大家在装不懂上的演技天赋都很高呢。郭敬明那个眼睛瞳孔地震得跟东非大裂谷一样开，怎么，在座的大导演都是挑人，就你郭敬明宛若犀牛观光动物园吗？坐在这个位置上，先问自己配不配吧，想拿着超级斩的话筒对这个所谓的导演唱呕呕呕。希望尔冬升继续保持，我会为尔冬升之实话而看完，四星都给他说实话。,6,
blb,2020-10-03 22:41:05,30,男神尔冬升能来，真是难得了……剪接还是希望精简点，现在一场综艺看下来真是体力活儿呀,4,
卷卷,2020-10-04 02:10:50,30,马苏演的哪好了？任敏哪像周迅，明明像李小璐,5,
大脸猫,2020-10-30 08:28:07,30,台上的戏不怎么样，台下的戏是真的多。,2,
周星星那个梅西,2020-11-03 06:13:52,10,资本请就位！陈郁维能进陈凯歌护犊子还能理解。王锵演的那卧底明显最差，要不要这么明显,4,
一条英俊的魚,2020-10-12 22:49:33,30,对郭敬明，大鹏无语,4,
